ID,RA,Dec
1.03E+18,127.0325752,56.427572
3.74E+17,17.82852633,43.413376
6.90E+18,319.5624358,-9.149003
1.35E+17,40.15355503,33.999074
3.09E+18,125.4011318,2.688977
3.09E+18,123.9012946,2.847468
1.33E+18,245.5561508,33.153246
1.37E+17,44.42179694,35.010622
9.94E+17,102.5180878,53.2944
3.42E+18,89.00666343,22.612945
3.42E+18,90.64785038,23.181593
9.93E+17,102.6904979,52.228729
3.77E+17,16.4974884,44.786558
3.81E+17,8.970421944,40.147489
1.03E+18,128.3999118,57.28342
1.43E+17,43.66860281,37.438079
3.08E+18,126.0815313,-0.843856
3.43E+18,92.88089193,25.106295
5.25E+16,63.53708281,21.649591
4.02E+18,176.0782122,29.902361
5.65E+18,133.4877942,-24.78166667
1.03E+18,126.9569417,56.973471
1.66E+18,210.6101442,56.535972
3.09E+18,124.7650984,2.316766
4.01E+17,16.35000202,46.811003
8.07E+17,151.4073886,41.721667
3.38E+18,92.77851677,21.542063
1.03E+18,128.5592977,57.474058
3.73E+17,19.2181917,43.040796
3.69E+17,10.7133109,39.524334
4.01E+17,16.4399052,47.504963
3.38E+18,92.90920067,21.860588
4.54E+18,260.6123168,15.267376
1.42E+17,42.48735957,37.154444
3.42E+18,90.98135567,22.48225
2.12E+18,281.4260528,42.686722
4.01E+18,179.7716442,26.742968
1.42E+17,45.07914192,36.236204
1.40E+17,42.79136611,34.107983
1.08E+18,120.8167259,55.58518
3.77E+17,15.30949176,45.864333
3.43E+18,92.73192793,24.979402
3.08E+18,122.362815,-0.735721
3.42E+18,90.00284209,23.711426
5.76E+18,130.085027,-5.054048
3.09E+18,125.207716,2.713627
1.56E+18,207.1773793,53.64566
1.03E+18,124.4851668,56.737458
3.42E+18,89.06620528,22.740563
3.69E+17,11.35515134,41.047342
3.69E+17,10.51693134,40.201113
1.08E+18,120.8770818,55.502316
1.37E+17,44.33833635,33.550041
7.77E+17,165.8062929,40.779621
3.81E+17,11.17631737,41.781084
3.07E+18,124.8166328,-1.123175
3.81E+17,9.971655857,41.315638
1.03E+18,128.1589114,57.642751
1.41E+17,41.23914408,35.855533
3.08E+18,122.0715861,0.098089
3.42E+18,90.74775287,22.1248
3.81E+17,10.03684346,42.122511
3.09E+18,123.8919847,0.734787
3.08E+18,122.602203,0.680893
3.43E+18,89.9600632,25.120087
1.37E+17,43.9300416,33.703121
3.42E+18,90.66916702,22.252203
1.03E+18,124.0397692,55.711164
3.42E+18,89.49212798,22.815281
3.08E+18,126.2884929,1.397468
3.08E+18,124.9664645,-0.14308
1.40E+17,41.84771424,34.624314
3.42E+18,90.4351752,23.157054
3.43E+18,93.13141158,24.789051
3.75E+17,11.5511597,42.481668
3.07E+18,123.0798036,-1.171803
3.77E+17,17.41029876,44.376937
1.03E+18,125.5046917,54.63417
4.01E+18,182.3047611,30.688621
1.77E+18,326.2348419,12.597134
1.03E+18,122.2002796,56.189302
1.04E+18,125.8442798,58.571964
3.08E+18,126.0334349,0.791543
2.30E+17,60.15670595,41.166626
1.04E+18,125.33905,58.123437
1.40E+17,42.29340668,33.840476
3.98E+17,20.53093278,45.841183
5.17E+18,47.06594939,-8.490858
7.27E+17,157.9244287,25.099159
3.42E+18,89.34388018,20.948188
1.03E+18,124.5194483,56.99279
3.74E+17,18.58790983,44.560765
3.69E+17,10.03109299,39.407612
1.03E+18,125.8940027,56.607429
1.43E+17,43.56510211,37.384465
1.43E+17,43.71387156,37.330369
3.43E+18,89.38790883,24.79459
3.77E+17,15.57991169,46.280583
2.33E+17,64.5895685,44.432252
3.77E+17,16.08323618,46.085186
3.43E+18,89.61442018,24.905631
1.02E+18,138.5510638,53.927156
3.74E+17,13.40276446,39.475323
3.74E+17,18.83452166,43.939144
3.42E+18,88.70486825,22.540681
3.09E+18,125.5935023,2.199069
1.40E+17,41.88940914,33.587776
3.09E+18,124.10538,2.129616
1.41E+17,40.7557024,35.588855
1.41E+17,40.72256767,35.132456
3.09E+18,123.483251,2.249436
1.54E+18,187.5342322,44.381728
3.77E+17,16.13048671,45.757917
3.08E+18,122.9981247,0.393396
1.03E+18,123.9185315,56.634163
5.76E+18,128.8643023,-5.427426
6.69E+17,118.692887,18.754267
3.08E+18,126.0815874,-1.121017
4.01E+17,17.68594784,46.315669
1.03E+18,126.5527307,54.258805
3.09E+16,46.7990973,15.222808
1.41E+17,41.23895074,36.064125
3.98E+17,19.43645729,45.151841
2.84E+18,350.5761001,24.272795
3.83E+18,152.0923052,-0.197772
3.07E+18,125.3941166,-1.597401
9.26E+16,29.98301685,17.959774
9.84E+17,114.5391334,53.105956
3.82E+17,9.044437235,42.438662
3.85E+18,139.1226662,2.584723
1.01E+18,138.6638117,46.813038
4.01E+17,17.12875313,45.843807
3.42E+18,90.71416235,23.076211
3.77E+17,16.54815742,45.385995
3.87E+17,11.23072018,42.320956
1.03E+18,123.4773226,53.995926
3.69E+17,11.27235581,40.153324
1.37E+17,43.39885106,33.42458
3.98E+17,20.62096628,45.410976
3.42E+18,90.33432384,23.37744
3.75E+17,12.42517523,41.143313
3.77E+17,15.44429905,45.918971
1.37E+17,43.10436902,32.827205
3.25E+18,61.6298113,-3.868895
1.39E+18,231.702239,40.49323259
3.77E+17,16.02499904,46.071267
3.81E+17,10.56349445,41.828317
1.51E+18,214.8963117,50.704555
1.51E+18,214.8963117,50.7046
1.51E+18,208.7327522,50.534553
2.14E+17,86.46666918,49.614174
1.40E+17,42.0061905,33.675898
9.46E+17,108.4394326,38.334476
1.41E+17,44.09415835,36.602436
3.77E+17,17.34325152,45.198084
5.76E+18,139.0709464,-4.159738
2.86E+18,6.322459868,26.279245
3.39E+18,79.21688812,13.677063
3.43E+18,91.07810157,25.575545
3.69E+17,11.18870342,41.268666
3.42E+18,91.71350241,21.48768
1.39E+17,45.74888282,35.395901
3.42E+18,88.69869526,22.233066
3.81E+17,8.335084577,40.73106
1.40E+17,42.7655214,35.353471
1.37E+17,45.01874973,35.32754
3.74E+17,13.47274271,40.165923
3.77E+17,17.08881436,44.798088
3.09E+18,123.6458052,2.204341
3.08E+18,125.9868547,-1.013618
1.38E+18,237.9523184,43.179705
9.41E+17,99.3963991,33.783701
3.08E+18,124.9217408,0.735068
3.07E+18,130.1309478,-1.17693
3.08E+18,124.4325064,0.213984
3.81E+17,8.484989114,40.122773
3.69E+17,10.55040919,40.506912
1.08E+18,120.6550108,56.012573
3.42E+18,89.26413285,22.193261
3.68E+17,12.79934862,38.637019
1.41E+17,42.72978927,36.964193
1.35E+17,40.68355396,34.242076
1.03E+18,122.9464478,55.739385
3.42E+18,91.47050113,21.551775
1.37E+17,45.10620958,33.697844
3.81E+17,8.356931637,41.485426
3.38E+18,104.1714633,22.633444
3.08E+18,124.9272209,0.140003
3.35E+18,93.20380681,15.000737
1.40E+17,42.02332268,34.217394
3.08E+18,122.1932536,0.957153
3.81E+17,8.874757402,40.938582
4.00E+18,168.5245717,29.163401
3.76E+17,17.06904486,43.012262
1.41E+17,40.15473246,35.018696
1.03E+18,124.3201624,55.808421
1.41E+17,41.22138205,35.606169
3.08E+18,122.0431325,-0.177675
4.02E+18,176.7093681,29.466541
1.40E+17,42.06710877,33.715645
9.79E+17,104.8442195,50.12553
1.03E+18,125.0499483,56.438596
3.13E+16,47.27101955,15.385594
3.08E+18,126.770191,0.863476
3.43E+18,91.49724131,24.605664
3.15E+17,23.11940678,31.116519
1.42E+17,42.14545819,37.326624
3.74E+17,14.32337584,41.238118
3.15E+18,118.1938924,13.646337
3.42E+18,88.80140667,22.845408
3.42E+18,89.46131697,24.002823
1.37E+17,45.44899948,34.562821
3.08E+18,125.7846587,-0.712054
1.03E+18,125.477873,56.335043
3.07E+18,123.4964787,-1.638894
3.42E+18,90.086067,24.266721
3.08E+18,126.5243399,-0.72553
1.41E+17,40.65607705,35.322869
3.09E+18,123.4382045,0.961834
1.03E+18,124.1174939,56.277642
3.17E+18,108.7330389,15.573371
1.37E+17,42.77614788,33.348162
3.36E+18,103.2271903,17.190783
3.69E+17,11.25791469,39.931686
3.08E+18,125.002094,0.333533
3.42E+18,89.57599412,23.773627
4.57E+18,260.329031,26.28920129
1.03E+18,122.6143917,55.360845
9.99E+16,35.55319781,22.308536
8.79E+17,116.5794041,29.240294
3.77E+17,16.29163941,44.91971
3.77E+17,17.4193284,44.84554
3.42E+18,90.41931751,22.810616
1.37E+17,45.12301798,34.979345
3.81E+17,8.997208177,41.646745
3.74E+17,18.64369967,43.200635
1.03E+18,125.6859308,56.438896
1.00E+18,104.565964,57.861942
3.07E+18,122.9013123,-1.444999
3.82E+17,9.147675179,42.301786
8.47E+17,156.9614874,50.320689
1.40E+17,42.09029565,33.857764
1.03E+18,126.2059875,56.721671
3.42E+18,91.9799012,21.699104
3.98E+17,20.2121779,44.78389
3.07E+18,121.7403567,-4.730909
3.81E+17,9.418072339,40.25745
7.00E+17,135.4211256,29.837076
1.41E+17,42.27193137,36.572632
1.04E+18,123.4197238,57.360183
2.61E+17,72.25696144,52.803543
2.83E+18,351.8718848,21.752327
3.02E+17,26.56142129,29.144041
1.48E+18,202.9983931,40.04961
3.42E+18,88.36290803,22.995352
3.69E+17,9.433440927,39.666978
3.74E+17,17.84110333,44.364012
1.50E+18,208.9562276,38.257368
1.03E+18,125.2284386,54.372903
3.42E+18,89.94806451,24.531243
2.69E+17,85.8277557,57.419785
1.03E+18,123.3000021,55.318618
4.02E+17,15.61155469,46.938861
3.08E+18,125.7309777,1.04343
9.27E+16,30.11573054,18.13712
1.03E+18,122.2979046,55.975358
2.99E+17,28.11526518,29.800702
3.75E+17,13.40143775,42.210636
2.58E+18,18.85155626,8.602903
1.03E+18,121.8650721,56.357661
3.81E+17,9.583155298,40.944141
3.69E+17,10.11096629,39.962723
3.16E+17,22.12903592,31.705537
1.08E+18,120.7916911,56.538904
1.37E+17,43.67902644,33.255215
1.08E+18,121.2827926,56.915436
2.56E+18,18.81350268,5.115858
3.08E+18,125.5406269,-0.280822
1.41E+17,40.26615429,36.205085
3.42E+18,88.91593222,23.28684
3.43E+18,91.33726686,23.565868
1.27E+18,226.7088809,28.480854
1.74E+17,71.15737568,35.957062
3.08E+18,124.0755592,0.089768
3.98E+17,19.03102372,45.00473
3.81E+17,7.544421349,40.128073
3.69E+17,11.84857917,39.642602
4.02E+17,18.51521436,47.642171
3.43E+18,88.94753718,24.095802
8.86E+17,111.3205995,29.056484
8.86E+17,111.3205995,29.056484
8.86E+17,111.3205995,29.056484
3.35E+18,86.5182814,13.487805
4.02E+17,15.51148825,46.972993
1.40E+17,42.03466742,35.506256
1.08E+18,123.4754854,58.414069
3.08E+18,124.1707558,0.28973
3.77E+17,15.71339746,44.558078
3.98E+17,19.01397665,44.853763
1.03E+18,123.7259129,56.4379
6.34E+18,221.7797231,-3.43417
1.41E+17,40.09200751,35.606297
1.03E+18,124.9649642,56.708719
4.01E+17,17.3321522,46.588751
1.93E+18,351.9231795,43.784305
3.43E+18,92.19766288,24.807466
3.38E+18,92.50294172,21.469461
4.01E+17,17.5578941,45.926243
3.87E+17,10.56502853,42.856125
1.02E+18,139.1880929,57.284702
3.82E+17,9.381348112,42.169534
3.77E+17,15.09315796,44.217413
3.77E+17,15.74618881,44.405963
1.56E+18,201.2153099,51.587178
3.20E+18,65.70149442,-4.642872
3.69E+17,10.67666985,40.140263
3.08E+18,125.075563,0.647598
1.03E+18,124.9911391,54.35666
2.70E+18,337.2759093,4.397951
1.03E+18,124.2750003,55.059482
1.03E+18,123.7068713,53.973425
1.40E+17,41.33967756,34.273753
3.97E+17,21.40928754,45.089239
2.15E+18,277.7758481,51.426201
1.40E+17,42.03360898,33.717882
2.58E+18,16.38929626,8.383676
3.98E+17,19.7763462,44.439517
1.29E+18,218.5001554,31.876377
3.42E+18,89.06764782,21.812014
1.37E+17,45.20795359,33.656433
1.40E+17,43.0831038,34.6671
3.09E+18,122.9941675,1.752129
3.09E+18,123.3327287,0.545041
1.03E+18,126.7337369,57.043861
1.03E+18,126.7337369,57.044052
3.98E+17,19.10101163,45.302974
3.77E+17,14.78586011,45.055925
3.75E+17,13.66393569,41.968519
1.42E+17,44.7420032,36.140302
3.81E+17,8.453818632,41.153656
5.76E+18,131.4743941,-6.135568
4.01E+17,17.86681129,46.775846
3.74E+17,17.9289263,43.486031
1.28E+18,229.5375713,31.367895
1.37E+17,45.18021613,35.49132
1.42E+17,45.4475193,36.426416
3.38E+18,92.00761948,21.244841
1.03E+18,125.4185714,55.798461
1.37E+17,44.56127407,33.480527
4.01E+18,185.2585177,26.760414
3.09E+18,124.0716565,0.815777
3.97E+17,21.61143036,45.794766
1.03E+18,126.0360563,56.500692
3.42E+18,90.5458373,23.960932
1.37E+17,44.72692342,33.707
7.00E+17,138.5275982,30.842863
7.00E+17,138.5275982,30.842863
7.00E+17,138.5275982,30.842863
1.31E+18,251.0083892,31.111663
3.97E+17,20.14401933,44.224203
3.81E+17,9.036362944,41.242927
1.39E+17,45.72810846,35.081164
1.42E+17,43.86185542,37.380654
1.03E+18,122.8056258,56.574772
3.08E+18,121.9790906,0.138836
3.64E+17,12.14840423,36.179265
1.34E+18,263.053011,36.393846
3.89E+18,183.3793384,4.691469
1.03E+18,123.1618817,55.542842
3.74E+17,13.781551,39.459379
1.01E+18,136.1492756,45.154421
1.03E+18,123.1002285,55.914861
3.73E+18,207.1178991,11.913055
7.85E+16,31.75405045,15.927274
3.43E+18,91.6604484,23.829824
7.89E+17,172.8542725,48.53083
3.09E+18,124.2384451,1.13234
1.41E+17,41.79901255,35.743343
3.43E+18,92.33833446,23.010498
1.48E+18,213.6619543,30.1941
2.86E+18,4.521652636,27.628721
1.03E+18,129.1231523,56.483681
3.41E+18,72.03160717,23.091948
3.96E+18,168.878713,11.829295
1.05E+18,164.964434,61.98612013
1.08E+18,121.453731,56.807029
9.27E+16,30.01120867,18.631909
5.23E+16,62.44909471,21.449987
3.08E+18,126.7658249,0.484642
3.98E+17,20.75610092,45.406781
3.99E+17,19.06139632,47.307835
3.97E+17,21.49985123,44.758696
1.40E+17,42.27243412,34.137529
3.09E+18,124.4340005,2.575501
3.22E+17,20.09690886,37.196134
1.39E+18,231.8209178,38.28570383
3.98E+17,19.3785083,45.02587
1.40E+17,43.96467233,35.318738
3.68E+17,12.338946,38.586678
3.77E+17,16.97586825,45.632401
3.74E+17,17.81055383,44.134019
3.75E+18,202.6866989,17.320456
4.01E+17,18.03382478,47.648295
1.39E+17,45.28863954,35.924238
1.01E+18,137.3772229,44.846637
3.43E+18,89.27907314,24.689242
6.10E+17,132.4250918,16.08147
1.41E+17,43.56839086,36.081117
3.98E+17,20.71882952,44.745715
3.68E+17,13.34661711,38.845828
1.40E+17,42.13530068,35.01131
1.51E+18,190.8870718,32.131849
2.57E+18,29.55999493,9.551027
1.42E+17,41.61156259,36.730781
1.40E+17,41.37962591,34.322586
3.09E+18,122.9741404,4.87677
7.52E+17,161.2231141,37.626799
3.42E+18,89.13926622,22.162124
1.29E+18,219.2540651,32.163563
3.10E+18,124.3576578,8.493749
3.83E+18,147.6591876,-2.646455
1.03E+18,128.7822977,56.452532
3.42E+18,91.17113027,22.048929
4.02E+18,172.510168,29.494347
1.41E+17,43.41599886,36.421422
7.32E+17,166.9298592,28.250923
3.42E+18,90.73162266,22.206939
3.98E+17,20.09288067,45.979523
3.43E+18,91.58699938,24.243425
3.07E+18,123.4607301,-0.712216
5.82E+16,54.05705169,20.717122
3.82E+17,8.22434511,41.752076
7.59E+17,171.9285681,35.075098
7.59E+17,171.9285681,35.075098
7.59E+17,171.9285681,35.075098
7.59E+17,171.9285681,35.075098
1.40E+17,41.85833398,34.422554
3.43E+18,88.86028364,24.708635
4.02E+18,186.7668928,33.059022
4.00E+18,166.9540576,25.425259
1.67E+18,217.7069088,63.6819327
2.15E+18,274.8971271,53.167847
3.09E+18,125.7005088,2.036795
3.08E+18,126.5814044,0.85337
3.77E+17,15.95708401,45.217229
1.41E+17,40.9891468,35.834258
1.40E+17,44.18713123,35.680742
1.41E+17,41.18431614,35.614159
1.35E+18,264.9524057,44.548832
1.37E+17,43.13439455,33.722159
3.09E+18,124.6048111,2.260776
2.48E+18,21.7788259,-3.44894
1.03E+18,127.664002,57.939068
3.10E+17,19.65000221,30.474464
3.07E+18,123.0429858,-1.444609
3.43E+18,92.34601129,22.634816
3.43E+18,91.79262808,24.742222
3.20E+17,20.34509012,33.656938
1.08E+18,121.3529371,56.369113
3.78E+17,15.06130633,46.177542
1.03E+18,123.7701458,55.387073
3.69E+17,10.70334025,39.377852
3.43E+18,98.90299098,28.708068
1.40E+17,42.21067705,34.943975
3.08E+18,124.9157479,-0.214186
1.08E+18,123.3448144,58.511639
3.77E+17,17.0194871,45.475892
1.03E+18,128.7160236,56.889993
3.18E+17,24.19786233,33.936916
4.02E+18,172.3955176,28.286299
3.08E+18,125.9843413,1.365409
3.09E+18,123.9205026,0.156586
1.41E+17,43.59479643,36.721091
1.03E+18,125.1428215,57.454091
1.03E+18,122.1913355,56.24324
3.43E+18,90.75274762,24.3093
1.42E+17,44.47106549,36.570201
3.43E+18,91.82445013,24.535704
1.03E+18,128.3981696,57.375719
3.16E+18,114.6637624,12.548606
2.93E+17,20.26082783,23.499749
3.42E+18,88.91886999,22.587453
1.41E+17,40.91955583,34.677309
3.45E+18,83.62541831,34.018397
3.42E+18,88.71844489,22.985062
1.37E+18,258.7783991,48.956127
3.09E+18,124.9643778,1.097597
3.73E+17,18.79838675,43.000914
3.43E+18,93.46956228,23.390977
3.74E+17,18.18849175,44.138282
3.98E+17,18.74654966,44.828319
3.38E+18,93.23161659,21.885596
3.72E+17,20.99221576,41.138474
3.79E+17,4.91716654,37.26667
3.81E+17,10.48726045,41.756924
4.01E+17,16.35708284,46.80658
1.03E+18,123.8943382,56.428029
3.09E+18,124.6196776,2.664385
1.03E+18,126.0231526,57.637038
3.43E+18,90.65665837,24.2118
2.80E+18,1.004278557,19.031025
1.04E+18,125.6010185,58.199321
1.40E+17,43.57886233,35.236641
3.81E+17,8.43000938,41.777686
6.48E+17,147.2990519,28.552643
6.90E+18,317.6317321,-9.117625
3.08E+18,124.8685036,-0.588749
1.40E+17,44.57175291,35.479597
3.99E+18,170.6482179,24.0811
3.08E+18,125.8408223,0.402097
3.79E+18,166.8098715,-5.189871
3.69E+18,197.5494227,1.707575
3.81E+17,10.0810291,40.54531
1.12E+17,45.3109568,24.707953
1.48E+18,215.8725701,35.072372
3.75E+17,11.97102425,42.943909
6.73E+17,117.8190744,19.920185
3.42E+18,90.6829097,23.269568
1.28E+18,216.9786603,29.551655
8.82E+17,117.346639,32.12236
8.82E+17,117.346639,32.12236
1.08E+18,121.4659643,56.476739
3.43E+18,90.29246483,24.422765
6.96E+17,140.1879266,29.043373
1.03E+18,122.0572353,55.840728
6.85E+17,123.7074583,29.655561
3.43E+18,90.58450894,24.163863
3.75E+17,13.36145917,41.653601
2.84E+18,351.3993385,23.115092
3.42E+18,92.08012726,21.9484
1.37E+17,45.12278765,35.141937
3.42E+18,90.11578702,23.30697
3.98E+17,19.46000687,44.520955
1.03E+18,122.7542995,55.390852
3.77E+17,15.61047852,45.472381
1.03E+18,124.8036082,55.866373
2.81E+18,13.26358949,27.251989
1.04E+18,125.7859065,58.103436
1.40E+17,42.25937137,35.539008
1.03E+18,124.5653733,56.992836
4.49E+18,260.4866423,10.355305
1.03E+18,127.6667654,54.915236
1.03E+18,127.6678855,57.790554
3.09E+18,124.0078069,0.619324
3.69E+17,11.05100396,40.29259
1.24E+18,215.2976321,19.746778
3.82E+17,9.436040608,42.1859
1.21E+18,227.2875269,21.139888
3.43E+18,92.24303577,23.600534
3.98E+17,20.04902651,45.172276
3.77E+17,14.90455042,44.974563
1.41E+17,41.21451633,36.514404
1.41E+17,43.5770292,36.15672
3.69E+17,10.7793717,39.908636
3.42E+18,89.94219268,21.818603
3.08E+18,123.0453275,-0.317388
2.90E+17,22.48651488,24.193279
1.41E+17,41.24857205,36.513862
1.03E+18,122.3221933,55.597291
3.43E+18,89.97329716,24.800624
3.09E+18,124.6017542,0.798577
1.03E+18,127.4719329,57.419598
1.42E+17,45.15823613,36.247468
1.04E+18,125.423959,58.44792
3.98E+18,178.0133391,18.837896
4.01E+18,182.7243555,30.454985
3.94E+18,197.5261859,20.331038
3.75E+17,11.42240012,41.869348
3.42E+18,91.30310864,22.212217
1.03E+18,124.8713368,54.341277
3.77E+17,17.19570706,44.822841
2.69E+18,322.3477456,0.947979
3.74E+17,14.38866447,41.071458
5.18E+18,47.14380302,-6.558955
1.50E+18,211.1619311,40.415764
3.09E+18,125.0099875,2.791356
3.08E+18,125.4171755,-0.415305
1.03E+18,125.7068652,55.940273
3.68E+17,13.33175147,39.053792
3.69E+17,10.61798997,39.542793
1.37E+17,44.89797297,34.242983
1.41E+17,40.33382251,35.233162
3.81E+17,8.74992308,41.482057
3.78E+17,14.92006369,45.061707
1.37E+17,43.77102208,33.992117
1.03E+18,123.0783918,55.687657
3.77E+17,15.72786128,46.365016
3.69E+18,195.7947109,-0.664347
1.42E+17,45.14133696,36.214555
3.81E+17,8.079021497,41.351141
3.08E+18,126.7397167,1.120056
3.08E+18,123.3981517,0.182585
1.03E+18,121.4251614,55.675011
1.49E+18,222.738693,39.34588293
1.34E+17,42.12937834,32.772294
7.56E+17,155.4440589,38.879908
1.03E+18,122.2797311,55.362
2.73E+18,327.0089465,9.797287
9.68E+17,99.73528528,49.684886
1.41E+17,40.93460225,35.444702
3.08E+18,122.452297,0.875727
3.98E+17,20.51002897,45.849085
1.28E+18,220.2339686,26.370279
1.27E+18,227.1480773,27.799419
3.75E+17,13.14964807,41.353006
3.98E+17,20.49953476,44.92341
3.43E+18,88.785018,23.770758
3.81E+17,9.370524703,41.051019
1.40E+17,42.0921073,34.493893
3.81E+18,171.2133067,2.57158
3.98E+17,19.1696079,44.322239
4.55E+18,256.9285444,17.42992
1.41E+17,40.72038874,34.372699
3.67E+18,214.1622944,4.710709
2.70E+18,337.5488121,4.309091
1.37E+17,42.4741155,32.902065
1.40E+17,40.9504441,34.084287
3.03E+17,24.01488369,30.768839
2.71E+18,344.053335,6.210109
1.03E+18,127.9580891,56.855156
3.78E+17,14.99217753,46.17267
3.42E+18,88.41186298,22.749956
3.77E+17,17.30454773,44.285491
3.09E+18,121.7423677,3.840369
1.04E+18,126.9232133,57.710784
1.03E+18,123.6713025,55.210544
3.68E+17,12.49476949,38.931832
3.97E+17,21.42221471,45.160952
5.18E+18,46.40554747,-8.274968
3.74E+17,17.68814608,43.680303
9.27E+17,117.9817206,45.497566
1.03E+18,127.4658114,56.860022
1.41E+17,40.88566124,34.775824
8.31E+17,162.6323047,46.357481
8.29E+17,159.7980898,44.020603
1.04E+18,123.7579412,57.625749
1.37E+17,44.73574559,33.232723
1.03E+18,125.2756314,56.916004
3.69E+17,10.40998257,39.759105
2.43E+18,5.616871014,-9.2457813
1.37E+17,45.72597525,34.548959
2.58E+18,14.55607768,9.486595
4.00E+18,182.9206365,26.926245
3.30E+18,57.31197239,9.424226
3.30E+18,57.31197239,9.424276
1.03E+18,125.7449509,56.498369
3.81E+17,8.400699762,41.591216
1.35E+17,39.91066354,34.821814
5.78E+17,133.3825115,2.200862
1.37E+17,45.23873481,34.994058
1.42E+17,42.33856702,37.262721
1.40E+17,41.35983586,34.57266
1.03E+18,127.3753451,57.482675
1.04E+18,126.3988309,58.033585
3.81E+17,9.965100242,40.699277
3.98E+17,18.35531259,45.089644
2.56E+18,18.80817947,6.060891
3.09E+18,124.5727704,2.712385
1.37E+17,44.94973062,34.046323
1.40E+17,43.84558919,35.888226
3.81E+17,9.364268053,40.589272
3.81E+17,8.357680358,41.377014
1.08E+18,121.5888704,57.408605
1.41E+17,39.85091363,35.395511
3.44E+18,96.82405595,32.920164
3.69E+17,11.06824055,41.440721
1.40E+17,42.83238315,34.906817
1.03E+18,123.2432605,56.64843
3.75E+17,12.13351349,41.246387
3.81E+17,8.506916696,41.722531
1.03E+18,122.8909317,55.623382
3.09E+18,123.3038432,0.620219
3.42E+18,91.9980727,21.57353
3.09E+18,124.2726134,2.762157
1.03E+18,127.3302544,56.923026
2.84E+18,348.5900126,25.059771
1.03E+18,122.9664966,55.306488
3.87E+17,10.73466933,42.584772
1.04E+18,123.6493267,57.238828
3.98E+17,18.17799044,44.931404
1.35E+18,253.8468881,39.190382
1.03E+18,125.289063,57.645522
1.29E+18,224.8489054,36.825169
3.42E+18,92.41207155,21.724284
3.43E+18,89.38106496,24.178759
6.75E+17,115.827674,21.588452
6.75E+17,115.827674,21.588452
8.58E+17,174.7471673,58.836643
1.40E+17,44.43191304,35.439342
4.01E+18,185.5184957,26.17152
3.75E+17,12.98979399,40.900795
3.77E+17,14.92194581,44.481664
3.43E+18,87.24600458,26.18999
3.69E+17,9.799328264,40.039992
3.42E+18,90.28554244,20.946707
1.03E+18,122.3747615,56.230656
3.43E+18,91.28799269,25.45859
3.69E+17,11.33291138,39.31349
1.42E+17,41.82465989,37.078213
1.03E+18,128.1269936,57.619286
3.87E+17,10.43609199,42.713469
4.02E+18,185.9116376,34.858135
7.40E+17,151.0811625,26.799206
3.81E+17,9.077759241,41.193221
2.81E+18,11.24916654,27.152794
4.01E+17,18.33035475,46.556042
1.27E+18,221.0249751,24.735671
4.00E+18,167.6541306,25.53647
1.05E+18,158.2378488,61.22235559
7.75E+17,164.1247641,36.754789
1.08E+18,122.903459,58.255359
1.04E+18,124.0516103,57.275931
3.46E+18,85.02600051,35.04126
3.80E+18,175.2349937,2.567772
3.98E+17,20.19002251,46.320766
1.05E+18,151.7098758,58.809187
2.10E+18,282.9169833,37.655065
1.41E+17,40.74333617,35.348973
1.08E+18,120.8186563,55.718867
2.96E+17,23.75270456,28.394234
1.40E+17,43.27316403,34.83763
1.56E+18,198.3562178,49.465577
1.41E+17,41.25694722,35.896955
2.54E+18,6.515655522,0.24225803
2.84E+18,349.9227816,24.831964
2.84E+18,349.9227816,24.831964
4.01E+18,186.3416562,29.702229
1.03E+18,128.21863,57.0541
3.99E+17,19.12745176,47.460911
1.53E+18,187.6896788,41.162181
1.53E+18,187.6896788,41.16213
1.03E+18,124.7951708,54.662579
3.75E+17,12.86590761,41.198913
3.43E+18,91.69668635,24.985944
3.81E+18,172.0726317,5.279871
1.04E+18,124.9045436,58.441244
3.42E+18,92.06172458,21.86774
1.50E+18,209.9135393,43.39173653
1.40E+17,42.37432445,34.898121
3.98E+17,18.19597294,45.018094
1.04E+18,125.4395389,58.326441
1.16E+18,231.212522,6.5309338
1.37E+17,45.50295514,34.796484
3.93E+18,191.9789154,11.673903
3.42E+18,90.43114067,23.657223
3.98E+17,18.98503332,44.650124
1.39E+17,45.71788324,35.338554
3.65E+18,221.9479711,0.476395
3.42E+18,88.72781981,23.122431
3.75E+17,11.90517275,41.214791
3.77E+17,16.01933051,45.450662
1.37E+17,43.14219126,33.362294
3.68E+17,12.90506233,38.673613
3.75E+17,11.5195289,41.689856
3.87E+18,159.8391312,10.407958
1.03E+18,123.4451241,56.217912
1.35E+17,40.46192224,34.421562
2.85E+18,347.4891223,27.703362
3.42E+18,89.25362439,22.498929
1.54E+18,191.6757617,44.846126
3.74E+17,18.6658462,42.898375
1.40E+17,43.70002466,34.507218
3.43E+18,89.62356234,24.779804
9.20E+17,116.4678395,38.681813
3.75E+17,11.93714068,42.616729
2.19E+17,59.62400821,35.161594
1.37E+17,44.01653652,34.124036
3.98E+17,20.75235561,44.565705
4.01E+17,16.93118263,46.604152
1.35E+17,40.13745501,34.617332
3.16E+18,102.7930016,9.2131
1.03E+18,126.2304113,56.863491
2.70E+18,326.1652324,8.254711
8.44E+17,171.6981684,57.186892
4.01E+18,180.6209936,26.754112
1.57E+18,186.8965222,54.85521337
1.03E+18,123.9464686,54.849603
3.08E+18,125.1614727,0.454049
3.42E+18,90.33771689,21.986175
1.28E+18,229.1576431,34.056305
1.03E+18,126.4591811,56.472481
3.69E+17,11.38899072,40.456205
3.66E+17,9.943293578,36.017881
1.49E+18,219.0099508,45.088904
2.57E+18,29.72837053,8.847509
3.81E+17,8.431442708,40.875095
1.42E+17,44.62549327,36.676034
3.76E+17,16.95709866,43.681128
3.42E+18,90.02979635,22.324888
1.41E+17,43.18555442,36.724108
1.54E+18,190.9172135,46.613912
1.03E+18,125.3919885,55.950409
1.03E+18,128.7184304,57.110399
1.55E+18,200.8945521,47.860781
1.08E+18,122.2320088,57.486809
1.41E+17,40.21319984,35.279175
3.75E+17,11.74678224,42.793168
3.98E+17,19.50957386,45.169243
5.76E+18,136.9375607,-4.537276
7.71E+17,171.4302247,41.470697
1.04E+18,123.550706,57.974638
1.04E+18,124.5373744,57.620163
3.81E+17,9.348940388,40.251592
1.03E+18,123.486533,56.638618
1.42E+17,42.30422475,37.250213
1.41E+17,39.99728705,35.719525
1.03E+18,122.2795097,56.063918
1.56E+18,195.0438253,49.30842417
3.81E+17,7.906254178,40.666014
1.03E+18,124.0559379,54.603791
3.44E+18,96.25285779,30.946888
3.73E+18,194.3120138,9.207308
3.81E+17,10.65718107,41.99713
3.74E+17,13.50126381,40.808819
3.68E+17,12.90038113,39.937191
1.40E+17,44.76875169,35.649617
3.43E+18,90.1274161,24.594184
4.01E+18,186.5169273,25.889992
3.74E+17,14.41738622,40.936211
7.48E+17,156.8140564,30.778978
2.08E+17,82.89463604,45.590561
1.26E+18,212.2868866,27.89851
3.43E+18,88.42582709,23.773152
1.03E+18,124.2986952,56.493207
3.98E+17,20.36926017,45.426501
4.01E+17,16.97725003,46.679823
8.47E+17,179.1949502,59.65138
1.40E+17,41.97961244,34.619733
1.41E+17,43.10996933,37.173013
3.42E+18,90.94602953,23.594141
2.11E+18,279.8238981,41.408379
3.69E+17,10.43740782,40.086058
3.28E+18,56.52869208,9.166142
3.85E+18,149.5240346,4.980321
1.04E+18,124.7293324,58.002616
2.10E+18,279.466021,38.458174
3.42E+18,92.20306912,21.622167
3.74E+17,13.78590564,40.890079
1.37E+17,44.1160374,33.275669
4.00E+18,166.0470566,27.351955
4.00E+18,166.0470566,27.351955
3.42E+18,91.82559543,21.277392
3.65E+18,219.3817594,-2.549512
1.03E+18,123.8827062,56.504096
3.68E+17,10.01613717,38.696564
7.51E+17,161.9516167,36.231371
1.03E+18,124.4917163,54.939176
1.16E+18,221.9728222,5.435021
1.03E+18,124.8126165,54.227651
3.77E+17,16.70246942,45.719313
1.03E+18,121.6271228,55.723621
1.03E+18,125.6357239,57.354132
1.40E+17,43.30742155,34.752529
3.28E+18,66.86855754,3.604713
7.75E+17,164.1756072,37.001042
7.75E+17,164.1756072,37.001042
3.77E+17,16.53422394,45.019188
3.27E+18,50.83391182,3.986949
4.46E+18,242.8162687,13.798728
3.38E+18,93.06052286,21.889001
1.04E+18,125.3261493,58.37349
2.54E+18,6.537288408,0.41416577
6.95E+17,140.8119295,27.505394
1.29E+18,224.5488709,31.252375
1.42E+17,43.80315006,37.273131
8.33E+17,165.2714969,48.93336
3.81E+17,9.641544283,41.247308
8.84E+17,106.73985,27.604662
8.84E+17,106.73985,27.604662
3.69E+17,11.4213353,39.493078
1.08E+18,121.1136275,56.757775
6.25E+17,153.9805304,19.101987
4.58E+18,271.4702028,23.323303
3.43E+18,93.31855148,23.815612
1.03E+18,125.6607399,57.552361
3.43E+18,90.15687156,24.91894
1.49E+18,217.7927135,39.617598
1.35E+17,39.9275407,34.738052
1.38E+18,232.9453468,38.128144
1.46E+18,198.5002935,28.784733
6.68E+17,118.727626,18.276161
1.04E+18,123.6451042,57.498853
1.04E+18,124.9748535,58.248513
1.37E+17,43.15549175,33.180592
1.04E+18,123.861034,57.931012
3.08E+18,125.9978724,0.553906
1.03E+18,125.1390829,57.540154
6.55E+17,121.4187023,14.960658
1.40E+17,43.61551984,35.482606
1.46E+18,207.235041,33.797174
3.68E+17,12.19324463,38.56402
1.41E+17,40.78877516,34.657693
1.03E+18,123.1702519,56.593905
1.03E+18,128.7882218,57.332883
3.09E+18,125.0472297,2.428761
1.42E+17,43.1773813,37.542273
1.60E+18,231.3132763,53.16473
1.04E+18,123.2955241,57.50116
1.41E+17,41.00884162,35.158534
7.40E+17,153.1976766,27.791299
1.63E+18,248.7120944,63.854385
1.40E+18,233.5096068,47.413267
3.42E+18,91.14679099,21.125694
1.03E+18,123.9497997,56.271209
3.82E+17,9.482911266,42.610143
1.41E+17,43.3726355,36.128449
1.03E+18,125.1826208,54.005612
1.28E+18,231.4450322,33.264487
8.65402E+15,46.08654772,8.617085
4.03E+18,184.3416891,36.109645
1.59E+18,222.7716906,48.617741
1.40E+17,42.40505054,34.710841
2.74E+18,358.3936357,2.910064
1.39E+17,45.43999275,35.283531
3.81E+17,9.530176345,40.156058
3.69E+17,11.05154075,40.422922
1.90E+18,339.1589236,32.417622
1.29E+18,220.2453582,34.155241
3.69E+17,11.96839092,40.870441
1.47E+18,196.2431079,33.594124
1.03E+18,125.3628967,57.027867
3.76E+17,15.81787269,43.902583
1.35E+17,40.34916448,34.173
2.77E+18,359.943948,18.246032
3.97E+17,20.92028196,44.197088
1.02E+18,143.4127908,54.910629
1.41E+17,42.30826888,36.870866
1.03E+18,122.4073335,56.507894
1.03E+18,127.7626781,57.549958
6.86E+17,134.7815076,23.068578
3.43E+18,89.62531348,25.055699
1.27E+18,221.7466362,24.445377
3.70E+18,188.8141692,2.400871
1.28E+18,216.8998757,27.809296
3.74E+17,18.15456666,44.330458
1.03E+18,125.8808883,57.325091
1.34E+17,42.11828417,32.77267
1.41E+17,41.92330953,35.63516
1.40E+17,42.38752426,33.967589
1.52E+18,188.4858113,34.946035
1.03E+18,128.6583382,56.366817
3.09E+18,123.1295625,2.055108
1.42E+17,41.16659849,37.089598
3.43E+18,90.26155192,24.382225
4.01E+17,16.83941408,46.812226
3.74E+17,13.17057468,39.940337
1.45E+18,205.4869317,24.866609
3.98E+17,20.88587349,44.975813
4.42E+17,52.37198418,49.598084
1.40E+17,43.5023848,34.83863
4.49E+18,265.2332399,11.271523
1.03E+18,123.3266291,55.819084
4.02E+18,186.7969892,31.611158
2.10E+18,278.5711145,37.699055
3.42E+18,90.01754407,23.532729
1.03E+18,121.2111335,55.371693
3.75E+17,13.65242632,42.036191
1.08E+18,115.2798261,57.810833
6.83E+17,122.5023749,26.724023
1.08E+18,121.197365,57.018508
3.87E+17,10.11078113,42.957055
3.42E+18,90.29407815,22.410403
3.43E+18,90.05457257,25.013324
3.68E+17,13.17702601,38.733446
3.08E+18,122.5275427,0.043696
6.92E+17,137.1246884,27.247431
1.44E+18,201.5682175,20.7111
7.03E+17,131.5047556,27.383889
8.84E+17,106.8578107,27.502116
2.57E+18,33.48790056,9.744216
1.03E+18,123.4013913,56.364007
1.28E+18,218.1494277,30.589857
3.81E+17,10.03897646,42.446919
1.09E+18,113.5083909,58.034714
3.09E+17,20.18989406,30.121093
1.41E+17,39.92625049,35.609015
3.87E+17,11.2158869,41.937179
3.44E+18,97.19479762,32.345406
3.77E+17,17.61632697,44.623999
8.43E+17,165.8067072,52.973195
7.93E+17,178.9332378,53.210506
7.12E+17,135.0000396,30.194096
3.81E+17,10.66745915,42.061551
1.37E+17,45.15512641,34.025107
3.87E+17,11.2791509,42.170844
1.03E+18,124.383286,56.703818
1.47E+18,200.289728,32.894413
3.69E+17,9.892621761,39.820227
2.78E+18,16.86765415,16.969535
1.03E+18,124.1990917,55.654831
1.41E+17,42.15955493,36.424187
3.69E+17,11.44117105,39.830016
3.74E+17,18.653531,43.673717
2.78E+18,18.20773428,17.815977
8.35E+17,156.2590531,49.376447
1.03E+18,124.3395015,56.852943
1.78E+18,320.5657531,15.383074
1.03E+18,123.8820914,54.476872
1.04E+18,126.689823,57.897165
1.51E+18,210.0817603,52.223813
1.41E+17,40.26250496,35.696994
2.74E+18,359.9918895,0.9699681
4.53E+17,42.71429701,54.199108
3.89E+18,158.0901187,14.143201
2.48E+18,22.80125618,-2.27288
1.03E+18,121.7580087,56.229112
4.01E+18,179.7107622,28.7188
3.81E+17,7.927139836,40.881531
1.39E+18,243.2401137,45.268425
1.40E+17,42.4375173,33.27156
3.42E+18,89.78100318,23.441692
4.42E+18,230.2300914,1.3351678
1.35E+18,262.2243603,43.865028
7.00E+17,137.39259,32.199883
3.09E+18,125.2795536,2.408665
3.42E+18,90.51805757,23.956018
1.32E+18,244.9905101,28.626753
5.77E+17,136.7665459,1.782938
3.43E+18,93.21098224,24.466242
1.40E+17,42.66296826,33.934422
1.41E+17,41.01528926,35.10901
3.43E+18,91.2077133,25.415771
3.57E+16,45.90005538,18.197299
1.40E+17,43.89797452,35.341954
1.34E+17,40.77994938,34.114003
3.69E+17,11.91863012,40.577141
1.40E+17,43.45663403,34.868713
1.40E+17,43.889554,35.270022
7.51E+17,161.4168644,35.845749
7.73E+17,174.2561375,43.480002
1.03E+18,127.6444468,56.575433
1.51E+18,191.0239583,31.635642
1.40E+17,44.09790315,35.392848
1.35E+17,40.3927664,34.358731
6.83E+17,125.1125203,26.36614
3.38E+18,104.1920068,22.867841
3.38E+18,104.1920068,22.867841
3.37E+18,93.82136934,17.63368
1.03E+18,122.6748627,56.016947
1.40E+17,43.09462044,33.720389
3.74E+17,17.9289989,43.909431
3.77E+17,17.40133858,44.116114
1.03E+18,127.4753023,57.496273
1.42E+17,42.24237744,37.249131
1.16E+17,45.4104349,27.147166
1.41E+17,40.43719141,36.090013
3.44E+18,93.36004577,29.103219
3.42E+18,90.65692007,21.40209
1.41E+17,43.30879252,36.841118
3.43E+18,90.15065049,29.524771
2.51E+18,28.52293249,-1.06983042
3.09E+18,123.6391206,0.989869
3.43E+18,91.47018603,27.718642
3.74E+17,14.07166792,41.582196
7.30E+17,164.6556004,26.577105
3.64E+17,11.99492138,35.678462
1.40E+17,41.40929883,34.140056
3.98E+17,19.58194244,44.639005
1.38E+18,236.0232777,37.852579
1.08E+18,121.7707029,57.715739
3.43E+18,91.86931664,25.424068
7.77E+17,163.2297539,41.085913
7.40E+17,152.6969629,28.053616
3.75E+17,12.69301636,41.19054
1.08E+18,122.3457447,58.275816
3.82E+17,7.303945751,43.526349
3.43E+18,89.41307499,25.239616
1.41E+17,41.79026892,36.326959
3.69E+17,10.32895842,40.715241
3.42E+18,92.45056311,21.831467
7.57E+17,169.473571,31.401831
3.69E+17,10.8967671,39.536999
8.21E+17,146.0829631,45.192288
6.39E+17,139.7846943,23.84092
3.68E+17,10.51002912,39.389241
1.04E+18,124.067614,58.148697
1.40E+17,42.24538331,33.142296
3.81E+17,9.146691942,39.871593
1.54E+18,186.5656093,43.396021
1.40E+17,41.70878988,34.864906
3.74E+17,14.32582044,40.418436
3.75E+17,11.4628014,42.427993
3.87E+17,11.31984707,42.348293
6.97E+17,142.5159964,29.330685
3.98E+17,20.21561604,46.178784
3.69E+17,10.72902409,40.261353
1.04E+18,123.9865241,57.829724
3.69E+17,11.95233534,40.751701
2.74E+18,358.6866643,4.21815
2.74E+18,358.6866643,4.21815
3.82E+17,8.351035286,42.025303
3.81E+17,9.522269224,41.493433
1.08E+18,122.1348111,58.206669
1.04E+18,123.4241726,57.373761
9.38E+17,99.13378993,32.878612
1.03E+18,125.2722949,57.564204
1.78E+18,329.7577717,16.836317
1.03E+18,122.5783003,56.674656
2.72E+18,332.2198813,5.417843
3.68E+17,12.87241005,38.762159
6.75E+17,119.0838597,23.709234
1.45E+18,207.9788291,26.431479
1.41E+17,41.55185557,35.268413
2.87E+18,353.9743899,33.517087
1.22E+18,237.0782425,20.259796
3.98E+17,19.59161763,44.582127
8.74E+17,117.8335273,26.424276
1.37E+17,44.86261807,34.526226
1.47E+18,203.2469897,35.282329
1.03E+18,123.0712528,55.25436
1.53E+18,192.5535874,41.89794
3.39E+18,102.1530564,27.605167
1.19E+18,235.3004153,12.65952
1.03E+18,122.4077766,56.185175
1.03E+18,124.9801724,56.995087
1.40E+17,42.26691711,35.566324
8.30E+17,161.1402311,45.993887
8.90E+17,106.7247713,31.653439
8.90E+17,106.7247713,31.653439
3.42E+18,90.60310397,23.421186
1.42E+18,243.6013673,50.655236
2.51E+18,29.47158983,-0.82844519
3.82E+17,9.634518173,42.182654
3.43E+18,91.05835934,24.795697
1.66E+17,63.04225795,30.927847
3.43E+18,90.47807578,24.317269
3.88E+18,154.110807,11.184805
3.63E+17,14.29238522,35.077849
1.59E+17,70.68929152,30.245564
1.41E+17,43.71027035,36.530151
4.42E+18,236.689498,4.38101079
9.96E+17,94.6851215,54.77182
1.27E+18,230.8514073,27.003027
3.81E+17,9.948559102,41.562109
3.69E+17,10.53285151,39.597995
3.13E+17,17.21220316,31.538747
3.42E+18,91.67441199,22.931939
3.77E+17,17.78301363,44.83142
1.90E+18,337.2863279,32.804981
8.74E+17,120.0083507,27.058712
1.31E+18,249.5712786,28.025334
8.10E+17,151.5350417,45.13868256
1.37E+17,43.5773962,32.937548
6.67E+17,118.0898251,15.341365
6.11E+17,135.7638094,17.513809
1.03E+18,121.8340313,55.737915
1.42E+17,45.07023073,36.137767
1.41E+17,40.76616459,35.210447
1.41E+17,41.09701472,35.487523
1.03E+18,123.8321582,54.174202
3.87E+17,11.21800601,42.574019
1.42E+17,44.84836267,36.191998
1.48E+18,212.3338961,32.730764
8.56E+17,165.0966416,54.554729
3.69E+17,10.25102309,39.26516
3.75E+17,12.90735821,42.235324
1.08E+18,122.278101,57.756717
3.98E+17,18.789941,45.082508
7.48E+17,156.9483421,30.557894
3.35E+18,91.77000713,17.047864
1.03E+18,124.5612933,55.59211
1.47E+18,203.5877723,36.426141
4.43E+18,234.9471141,4.466338
1.16E+17,46.54578901,28.273818
3.43E+18,93.32492863,24.314093
6.98E+17,137.4566911,28.478821
7.90E+17,169.8266531,48.631719
3.68E+17,12.18532135,38.970558
3.42E+18,90.59217391,22.058282
2.81E+18,13.22679698,25.926071
1.42E+18,244.4760957,51.206696
3.82E+17,9.593719733,42.481288
3.08E+18,125.8182266,1.151272
4.01E+17,17.76539825,46.016526
1.03E+18,123.2965314,57.03544
3.68E+17,12.24372411,38.535294
1.03E+18,127.5544132,55.003914
9.56E+17,96.24411462,39.379698
1.03E+18,124.612199,56.90602
3.98E+17,19.96823765,44.666931
3.87E+17,10.26506877,42.850689
2.11E+18,278.6934856,41.864388
2.50E+17,59.53538818,50.108767
1.93E+18,343.9167787,40.23855
1.28E+18,230.873408,34.59202592
1.03E+18,124.221239,56.718981
3.74E+17,13.80682816,40.359849
8.88E+17,103.9930332,29.310486
3.97E+17,21.40560654,45.840153
3.42E+18,92.35081495,21.722045
3.36E+18,109.8866726,17.313244
4.04E+16,58.37555103,15.753611
3.74E+17,13.29230701,40.000011
3.43E+18,96.7348399,28.512177
1.42E+17,42.51600252,37.011507
2.57E+18,20.51810404,7.088889
1.40E+17,42.0670008,33.852244
3.75E+17,11.83092946,42.670391
3.75E+17,11.54129299,42.118521
3.42E+18,90.7622546,23.742311
1.03E+18,122.8071139,56.18233
3.42E+18,90.31062573,23.628292
3.42E+18,90.31230339,22.699988
1.40E+17,41.93733059,34.849581
1.56E+18,206.8987519,55.629866
1.41E+18,245.8342968,47.729472
2.12E+18,278.0112029,49.650689
1.03E+18,125.3834784,57.671334
1.41E+17,40.64612569,34.571052
1.03E+18,122.5512053,55.876299
5.98E+17,133.6273359,9.717136
3.43E+18,88.73179573,24.477438
1.46E+18,198.2798187,26.180315
7.30E+17,164.3024921,26.664398
3.74E+17,14.07980156,41.443419
1.42E+17,43.67853046,37.224983
1.94E+18,349.1629952,42.471771
3.43E+18,92.41840447,23.454111
1.40E+17,44.86340382,35.766647
1.03E+18,123.1526785,56.263504
2.56E+18,20.61377856,1.682868
1.41E+17,42.31758462,36.908707
2.10E+18,287.3608425,39.45348065
1.03E+18,124.3952592,56.839469
3.40E+18,85.39920567,18.396872
3.98E+17,19.45694824,44.857763
1.03E+18,128.8203442,56.283117
1.04E+18,127.2256458,57.794662
4.00E+18,167.9108126,27.607193
1.93E+18,343.2856819,39.124414
1.40E+17,42.14694396,35.026658
1.23E+17,46.29031831,29.044342
3.68E+17,12.90209556,39.296231
3.38E+18,92.70258674,21.466435
1.89E+18,341.2474186,30.72303336
3.94E+18,190.1810417,18.04144
1.76E+17,63.81271991,34.255504
3.66E+17,6.488551652,35.21418
1.65E+17,66.43991059,29.853321
1.03E+18,122.4773543,55.665295
1.08E+18,121.2720914,56.18233
3.85E+18,148.607706,5.713458
2.86E+18,0.770691626,30.336443
1.37E+17,45.35861167,35.25318
1.03E+18,124.8477899,55.35716
2.59E+18,18.41254724,14.923885
4.57E+18,251.8185529,22.08939235
6.48E+17,144.9248038,27.861388
3.27E+18,51.16932872,1.403675
1.03E+18,124.3774809,55.811544
6.97E+17,141.684801,30.326843
6.48E+17,143.9596636,26.783241
3.42E+18,89.78935378,23.779114
3.87E+17,10.02124852,42.708547
3.68E+17,13.57494962,39.169209
1.03E+18,123.9244505,56.396328
1.03E+18,125.3192796,54.153415
2.70E+18,330.9205113,4.750311
1.42E+17,44.19283199,37.057911
2.48E+16,39.03557565,9.911385
2.48E+16,39.03557565,9.911385
1.40E+17,42.45900314,33.144411
3.42E+18,89.47017418,21.871249
4.01E+17,18.63342413,47.54689
1.08E+18,122.4358677,58.05542
7.82E+17,164.479564,44.613329
3.42E+18,91.12215671,22.551785
1.03E+18,122.6290339,55.795668
2.53E+18,20.82771717,-0.841467
3.96E+18,194.6928928,26.292154
3.69E+17,11.3112907,39.895575
6.94E+17,141.9249752,26.686733
1.34E+18,255.7169945,33.164503
1.28E+18,229.9064438,30.099913
3.16E+18,110.3981937,10.040196
1.27E+18,232.4824124,30.279869
1.08E+18,121.5746959,58.035459
3.38E+18,96.07025589,24.487188
1.03E+18,122.049838,55.697882
1.04E+18,127.0356936,58.153776
1.04E+18,126.577714,58.054352
1.42E+17,45.33166165,36.197084
1.03E+18,124.5940415,54.072269
3.81E+17,9.472383081,40.559487
3.43E+18,92.60263433,24.132868
3.69E+17,10.53494099,39.706012
1.37E+17,43.21928115,32.748438
1.66E+18,207.0452436,56.976477
1.42E+18,261.4324718,53.42635221
3.42E+18,91.89224779,21.394695
1.08E+18,123.0336275,57.971691
3.88E+18,148.7130025,8.864641
3.88E+18,148.7130025,8.864641
3.43E+18,92.34839184,23.400447
6.74E+17,118.0114437,20.677186
3.89E+17,9.235074536,46.218575
3.89E+17,9.235074536,46.218575
3.42E+18,90.26991485,24.361525
8.05E+17,154.5002519,42.067624
3.01E+16,49.76245061,14.800265
3.31E+17,31.47847162,37.833511
1.03E+18,122.4448938,56.765629
2.58E+18,15.49905089,9.469704
4.43E+18,235.735724,5.867855
1.40E+17,42.44959734,35.214197
1.03E+18,128.1668086,56.419716
8.77E+17,120.0814246,29.400608
3.42E+18,90.30436512,22.467972
4.01E+18,186.9357606,26.188286
2.69E+18,324.0552496,1.53794
3.81E+17,8.161319442,39.474355
1.43E+17,43.53121144,37.412556
1.57E+18,201.7631079,55.61032196
3.09E+18,123.9534682,1.649098
1.03E+18,124.1691593,55.353725
1.03E+18,126.3301036,56.696633
1.40E+17,41.26884035,34.613587
1.40E+17,42.35556585,35.14059
1.35E+17,40.47907124,34.390104
1.03E+18,125.6949998,57.403793
2.84E+18,349.8434684,24.818665
3.42E+18,91.25199578,21.45003
1.03E+18,123.6545942,56.773346
1.59E+17,68.88257327,29.270066
1.46E+18,205.4090797,31.597002
2.61E+18,341.1610591,-9.9955292
3.67E+17,12.02919445,37.367229
8.46E+17,174.1905731,57.327462
1.03E+18,123.6930138,55.864258
7.63E+17,164.4441831,36.128337
7.63E+17,164.4441831,36.128337
1.04E+18,123.731212,57.19039
3.76E+17,16.02471109,43.567073
6.29E+17,150.8343599,20.51206
3.73E+17,17.62546086,42.884999
1.41E+17,43.65360791,35.946571
2.50E+18,43.56686285,-0.810883
3.98E+17,18.99030253,44.83731
7.93E+17,147.5950372,31.426949
3.68E+17,13.10769716,38.972842
3.17E+17,22.4346243,34.047003
1.03E+18,121.6628292,55.612851
4.01E+18,185.1094947,29.313051
1.03E+18,121.74341,55.734212
9.94E+17,100.7340442,53.569999
1.08E+18,120.9923583,56.970898
6.61E+17,130.9365988,20.177652
1.03E+18,123.8220661,55.122476
3.81E+17,8.71794753,41.741821
3.81E+17,8.71794753,41.741821
3.72E+18,205.7622306,5.852435
1.40E+17,42.04863248,35.027632
3.69E+17,11.0153162,39.691946
8.80E+17,115.2856918,30.692665
2.26E+17,61.51458996,37.146368
3.43E+18,90.79042897,24.924697
2.56E+18,19.67659978,5.728051
1.08E+18,121.3553959,57.844003
3.38E+18,93.27848341,22.373676
1.04E+18,124.3242678,57.343073
1.40E+17,41.63711747,34.317356
4.43E+18,236.0213743,6.067366
1.03E+18,123.4218217,55.935118
4.02E+18,173.4423977,31.271538
1.42E+17,42.40721116,37.032489
1.40E+17,42.63308515,33.44594
3.66E+18,209.110922,1.94433
3.74E+17,13.56522769,40.908678
1.40E+17,44.47943112,35.557327
3.42E+18,90.81897636,22.883513
1.31E+18,252.0029689,28.055309
3.79E+17,6.225278333,38.825774
1.08E+18,120.9460498,55.884008
3.76E+17,17.30969386,43.210056
3.43E+18,90.73135876,25.5405
3.42E+18,90.35135292,22.957841
3.69E+17,11.03664955,39.274912
1.04E+18,123.8746201,57.957248
3.84E+18,140.2556155,0.349111
1.03E+18,125.4636374,53.789455
3.98E+17,18.90238822,44.603572
3.73E+17,17.29051627,42.959464
3.42E+18,91.88733651,22.742444
7.58E+17,170.5184194,33.215931
1.56E+18,207.4748447,52.228633
3.42E+18,89.68677797,23.599268
1.03E+18,122.633594,56.071844
3.36E+18,101.4333229,17.665122
3.74E+18,199.8837793,14.768121
1.42E+17,42.85098106,37.262911
3.42E+18,90.4069562,21.980196
3.40E+18,73.15387676,14.715187
1.40E+17,42.0546325,34.859895
3.81E+17,10.16126774,42.175279
1.06E+18,160.5200062,63.285639
3.54E+17,35.09348689,46.922071
2.55E+18,7.598453475,5.151162
3.42E+18,90.29701368,22.810314
7.48E+17,157.9800402,31.901621
3.95E+18,186.5862145,16.965221
1.03E+18,123.9472589,56.448306
4.03E+18,181.9915875,33.015972
8.72E+17,112.8579467,26.415825
1.40E+17,42.43468693,33.765797
6.96E+16,52.99400353,26.265881
1.08E+18,123.2278845,58.219688
1.56E+18,195.8184056,50.083281
1.03E+16,49.91789326,6.794054
2.22E+18,332.2522608,68.819145
1.18E+18,217.0350266,7.786712
3.64E+17,14.64825322,36.331095
1.03E+18,123.8986628,56.960756
3.43E+18,91.86300405,24.905987
2.19E+17,58.39424969,33.704065
3.42E+18,90.28307094,23.058299
3.38E+18,91.75166527,20.948645
7.30E+17,163.7430214,26.281137
3.38E+18,92.15854401,21.314446
2.12E+18,275.4999308,49.861487
1.03E+18,125.5346707,55.981361
3.75E+17,11.89064087,42.982148
1.03E+18,127.5838279,57.595047
3.42E+18,92.30589767,21.627964
1.03E+18,125.4191722,53.878207
7.94E+17,146.2685797,32.813897
1.41E+17,42.11888262,35.831521
3.81E+17,9.518785617,40.774343
4.02E+18,175.7317889,29.859303
1.08E+18,121.9466344,57.407763
9.09E+17,122.0083076,38.873004
3.65E+17,10.38161439,34.801012
8.84E+17,104.882667,27.835306
8.34E+17,157.5999127,48.113734
3.98E+17,19.93752922,44.617778
1.51E+18,190.8927555,30.57998285
3.39E+18,80.82120292,11.400004
3.43E+18,95.95797217,29.391278
1.04E+18,123.8165362,57.440924
1.22E+18,235.33134,27.827349
1.03E+18,123.7227883,55.440837
2.76E+18,356.8243224,10.377375
1.03E+18,124.7029873,55.771
1.03E+18,122.1765662,56.107493
3.80E+18,164.5992961,-1.866168
3.80E+18,164.5992961,-1.866168
3.80E+18,164.5992961,-1.866168
3.89E+17,8.148190639,45.49226
1.03E+18,126.0974396,56.436579
3.80E+18,165.6537796,-2.08073
3.42E+18,90.80008732,21.834958
1.03E+18,123.1909435,55.800586
3.87E+17,11.2565992,42.07225
1.41E+17,40.64872855,35.223299
3.98E+17,19.5708271,45.328014
1.08E+18,122.5452779,58.072952
2.56E+18,11.00534163,8.294334
3.81E+17,9.767564589,40.717378
3.42E+18,91.07836545,21.311684
1.75E+18,306.6363557,9.145753
6.74E+17,119.717336,21.859741
1.40E+17,43.98278014,35.475124
1.40E+17,42.8858744,34.207645
1.52E+18,194.2250716,33.207457
4.06535E+15,47.61186481,5.621268
1.08E+18,122.1878208,57.091864
3.74E+17,13.78211267,40.928093
1.03E+18,121.165438,55.113179
3.74E+17,17.89616876,44.444034
3.98E+17,18.94287241,45.066033
3.43E+18,92.27045548,25.055826
1.37E+17,45.40658188,34.154599
3.42E+18,88.75411785,22.311026
3.81E+17,8.815239726,41.546487
3.77E+17,15.23954925,44.0748
1.47E+18,204.5660783,33.331581
1.47E+18,204.5660783,33.331581
8.52E+17,151.6944046,53.562643
1.75E+18,304.6217216,9.820768
4.02E+18,172.137481,28.641666
3.83E+18,146.1353617,-2.673122
2.08E+17,83.62483252,46.076852
3.20E+17,21.56487457,35.341851
1.37E+17,43.39570315,33.040475
3.44E+18,98.61672558,31.07654
1.03E+18,123.4165537,56.378915
1.03E+18,121.5530619,55.749378
1.03E+18,123.5089707,55.813118
1.06E+18,173.0635061,67.27195
9.26E+17,118.2907978,44.501576
2.72E+18,331.3464222,6.489502
1.41E+17,42.76101087,36.600478
3.78E+17,15.21285832,46.09464
1.88E+18,338.7213606,26.107874
6.96E+17,139.7612901,28.348576
3.08E+18,125.6300884,1.092371
3.42E+18,92.05973129,21.796293
3.43E+18,91.50930756,25.640154
1.33E+18,248.2987378,37.38994
3.69E+17,11.1248357,39.580281
1.40E+17,41.04477761,34.37091
2.97E+17,23.03996289,28.235436
3.42E+18,92.66477043,22.055086
7.76E+17,164.3468689,40.019995
1.41E+17,40.98354287,36.535278
1.03E+18,124.9726717,56.927408
1.40E+17,41.73297244,34.370438
4.00E+18,167.0462557,25.643494
1.03E+18,121.9490579,56.072609
1.31E+18,252.0821361,31.463934
1.91E+18,351.2995736,36.580443
3.43E+18,90.82500873,25.715902
3.42E+18,89.21147896,21.849284
3.82E+17,8.96341143,42.259026
1.40E+17,42.6648922,35.103298
1.30E+18,250.3955143,26.740387
4.01E+18,180.6676078,27.158226
3.42E+18,90.52013853,21.047518
6.12E+17,133.7538823,17.606175
2.84E+18,353.0658142,24.831491
3.43E+18,91.65310588,23.100161
9.60E+17,94.74273214,41.280722
3.03E+17,24.17076593,30.032994
1.40E+17,44.51796007,35.870516
1.42E+17,44.57722772,37.05935
3.42E+18,89.14875287,23.552358
7.04E+16,56.37356801,27.089453
3.81E+17,8.780999571,40.808775
3.69E+17,11.85112422,40.488743
3.08E+18,126.4895498,0.85224
3.77E+17,16.86914716,44.834688
3.73E+17,18.91034632,42.975083
7.18E+17,131.9200039,36.749582
3.42E+18,90.58223591,23.475601
1.42E+17,43.2484144,37.37607
9.47E+17,105.4139189,38.203738
9.47E+17,105.4139189,38.203738
3.81E+17,8.674922057,40.787853
3.73E+17,17.47265015,43.136781
3.74E+17,14.03499181,41.432803
1.40E+17,41.01420424,34.101287
3.69E+17,11.66842853,40.783838
1.42E+17,42.8402643,37.540674
3.76E+17,16.18548382,43.421319
2.85E+18,0.024970099,28.481815
1.04E+18,123.4146108,57.911491
3.69E+18,193.6039203,1.939139
1.03E+18,122.7185914,56.366222
1.41E+17,42.62727276,36.843916
1.41E+17,43.6901364,36.574736
1.56E+18,199.6114794,53.629971
1.03E+18,127.9146281,57.712787
1.03E+18,124.4044764,56.772779
1.03E+18,123.8344188,56.033792
3.91E+18,181.5688359,9.192678
3.43E+18,91.0425149,24.260222
1.42E+17,41.98315121,37.271694
1.40E+17,42.66380918,35.359612
3.74E+17,19.20072129,43.839999
3.73E+18,195.6388335,6.9175633
1.35E+17,40.51358139,34.031395
3.97E+18,166.1446159,13.660429
4.01E+17,18.60889051,46.855343
3.75E+17,12.57993221,41.245333
1.59E+18,222.0914445,48.437972
3.42E+18,88.81643429,22.756266
3.38E+18,91.9997152,21.083039
1.03E+18,126.0041297,57.438555
1.41E+17,40.97904989,34.757278
1.46E+18,200.7081424,31.646616
1.40E+17,42.50421635,34.826343
2.54E+18,9.342747728,0.8408483
1.46E+18,207.1507897,32.716218
3.99E+18,159.206526,19.661165
1.37E+17,42.73741394,32.949829
3.76E+17,16.96116457,43.713683
1.56E+18,198.3099559,53.242721
3.76E+17,16.3021793,43.732912
1.18E+18,219.1922279,14.258151
1.44E+18,259.4382081,62.89359154
1.46E+18,209.6244943,32.893237
2.24E+18,294.2928651,61.97208
1.66E+17,63.37465745,31.04141
4.02E+17,18.99077742,47.675691
1.41E+17,40.97237579,36.843337
1.03E+18,125.3452437,55.957302
3.29E+18,67.30551716,7.898598
3.96E+18,187.7637507,25.845737
8.86E+17,107.9735019,30.145584
9.86E+16,27.7555524,22.967384
1.03E+18,127.5520518,57.207858
1.41E+17,40.80847414,34.346953
7.29E+17,155.1549439,27.47624
1.44E+18,205.2398138,23.0771322
1.41E+17,40.77568672,36.504359
3.76E+17,15.72598101,43.807999
1.40E+17,43.41452163,34.967206
3.56E+17,29.49352983,46.616158
3.24E+18,56.67309045,-7.06272882
3.42E+18,90.99664959,21.621245
1.42E+17,42.88252771,37.335483
1.34E+17,41.98641572,32.717996
3.90E+18,182.0344581,8.227833
1.78E+18,330.1212108,21.214162
3.99E+18,161.8946132,22.80322
8.49E+17,159.1350273,51.613337
4.01E+17,18.21336038,47.460497
3.91E+18,184.6592757,10.3361405
3.43E+18,89.13808301,24.636066
4.01E+17,17.47534414,46.312141
3.68E+17,9.985182824,37.841784
8.20E+17,146.5839798,42.80567
3.77E+17,16.72414523,45.145516
5.86E+17,140.2329594,5.777603
1.41E+17,40.44823762,36.25486
3.43E+18,91.82968839,25.174753
8.84E+17,107.3220584,27.364017
3.69E+17,10.53659339,39.459028
8.31E+17,160.0897474,46.299596
7.35E+16,31.57322867,11.808596
1.03E+18,122.630196,56.341017
3.42E+18,92.11059684,21.844343
3.42E+18,90.02273137,24.379993
4.01E+17,17.0678921,46.78595
1.03E+18,127.0827395,57.003242
1.28E+18,219.480515,28.970982
1.03E+18,123.264273,56.936694
1.27E+18,222.23658,23.996141
1.40E+17,44.16051668,34.818094
3.69E+17,10.46702596,40.683482
3.42E+18,89.88538146,21.66393
1.03E+18,124.324861,56.504351
3.24E+18,79.71079399,3.330078
1.03E+18,125.4346927,56.690238
3.95E+18,186.393083,16.828211
3.93E+18,190.685902,15.655343
1.51E+18,190.058639,31.959949
1.37E+17,44.90622484,35.276911
1.03E+18,128.910258,56.565317
1.03E+18,126.5535435,56.930817
2.64E+18,356.908995,0.277904
1.16E+17,46.83759302,28.029066
2.68E+18,321.7855677,-2.922594
3.97E+17,21.27746181,44.842599
4.01E+17,17.79568835,45.478072
3.68E+17,12.52932792,38.8296
3.42E+18,90.20430455,23.963472
6.71E+17,120.6877849,19.977364
1.03E+18,123.7673603,56.112815
8.99E+17,113.6546813,38.624588
1.37E+17,45.59050926,34.445361
3.76E+17,16.80951972,43.675042
3.82E+18,145.7200094,-4.915958
5.76E+18,131.9017175,-6.881879
1.03E+18,128.3770206,56.932879
7.42E+17,155.6311749,30.08049
7.70E+16,31.18162921,13.839617
1.03E+18,124.7311713,53.877433
1.58E+18,192.6207163,56.52018
1.03E+18,126.4422136,56.423052
1.50E+18,208.004666,36.35192
1.09E+18,113.9897392,59.631227
7.09E+16,57.80758346,28.18477
2.59E+18,17.67349885,14.582315
3.43E+18,92.38057708,24.052779
1.03E+18,123.0491773,56.537271
3.81E+17,10.22637753,42.170808
3.44E+18,82.34478267,27.573526
7.42E+17,156.7612762,30.534254
3.81E+17,9.475678666,40.572015
1.40E+17,42.26386315,33.70663
2.58E+18,17.17756407,6.678722
1.03E+18,124.4990078,56.012325
7.32E+17,165.1485989,28.625719
6.12E+17,135.8783612,18.299478
7.15E+17,139.7532964,35.22257
4.00E+18,167.8564484,28.239355
1.59E+18,222.6622242,50.399885
3.69E+17,10.76388293,40.446608
8.32E+17,164.4038,47.635438
8.32E+17,164.4038,47.635438
8.32E+17,164.4038,47.635425
8.32E+17,164.4038,47.635239
8.91E+17,108.1875855,33.735141
1.63E+17,61.56888123,26.750934
1.78E+18,333.0097435,19.718265
3.69E+17,11.65254715,40.805543
3.43E+18,88.31270502,23.4328
1.03E+18,124.236453,55.678445
6.99E+17,135.900705,29.74852767
1.40E+17,42.55334668,33.212486
2.49E+18,21.82113859,-2.112725
3.74E+17,14.26281864,40.949278
2.30E+17,59.26263685,40.274848
3.43E+18,89.36423735,25.203921
1.42E+18,268.7684298,55.68785
1.08E+18,123.1455981,58.002536
5.79E+17,136.9850846,3.273373
3.97E+17,20.36308433,43.839006
1.08E+18,122.3575565,57.785151
7.34E+17,161.0911847,29.192167
3.74E+17,13.42393445,41.043609
3.81E+18,171.7086318,6.191478
1.37E+17,42.68163356,32.717041
1.58E+18,192.4131957,60.32993
1.37E+17,42.77283261,33.346243
1.03E+18,125.8766237,57.8613
2.89E+17,23.06576249,21.321708
1.03E+18,125.1454304,55.493297
8.79E+17,115.3901837,29.638668
3.05E+17,26.79514279,31.725667
1.37E+17,43.4492019,32.976502
1.46E+18,207.1450699,31.096418
1.46E+18,207.1450699,31.096418
3.42E+18,89.62739028,22.931328
3.98E+17,19.60839611,44.850668
3.43E+18,89.72622426,25.124487
1.29E+18,220.2529715,34.714492
3.40E+18,84.0835786,19.319028
4.00E+18,168.9640902,29.133547
5.40E+16,61.79356036,24.444604
4.02E+18,186.1694841,34.666062
6.05E+17,133.3697504,12.95707062
1.03E+18,123.8855589,56.67083
1.57E+18,193.804041,53.749366
1.37E+17,42.6061536,33.174519
1.03E+18,126.7960024,56.393002
1.37E+17,43.42674152,33.128034
1.46E+18,204.1101238,30.923392
1.03E+18,121.3864904,55.599191
1.69E+18,188.2534333,74.204406
3.42E+18,88.37160165,22.934237
3.96E+18,187.4563735,25.668921
2.92E+17,24.89144462,24.701725
5.18E+18,43.30363128,-3.931476
3.75E+17,13.73702796,41.756311
1.03E+18,126.0929507,56.930242
1.37E+17,43.60798208,33.634482
3.42E+18,90.8468216,23.545997
2.79E+18,8.845552039,17.956737
1.36E+17,43.42552805,32.622036
7.70E+16,31.21401372,13.790899
1.03E+18,125.0654464,57.549612
1.03E+18,122.581011,55.935484
6.22E+17,152.2563762,15.509702
4.48E+18,276.8096633,12.819191
4.55E+18,263.4086431,17.400443
3.43E+18,89.45291509,24.56558
1.41E+17,40.94543125,35.017187
2.85E+18,350.4357094,28.220289
1.46E+18,208.9832614,32.315068
8.95E+17,114.5549972,35.000422
1.04E+18,126.3020298,58.23585
7.34E+17,160.5109532,28.126104
1.41E+17,40.78586355,36.868983
3.96E+18,187.2730336,24.127355
3.42E+18,90.33960385,22.371921
3.81E+17,9.169858703,40.26183
3.81E+17,9.169858703,40.26183
6.98E+17,137.6593809,28.005301
3.42E+18,90.25475178,21.715477
1.03E+18,123.1324182,54.996016
3.90E+18,187.0949524,6.87694719
1.03E+18,122.6236716,55.670569
4.00E+18,169.1955423,27.530043
3.69E+17,11.30400434,40.381264
2.64E+18,350.6700098,-0.104226
1.03E+18,123.9659822,55.828308
1.42E+17,41.7265873,36.936801
8.94E+17,114.6472369,34.664884
8.94E+17,114.6472369,34.664884
3.79E+18,171.9256681,-3.360353
3.15E+18,117.0657608,13.107656
3.98E+17,20.13283081,45.174993
1.27E+18,232.9087558,31.841956
1.42E+17,44.02783391,36.756326
1.03E+18,122.7862262,55.620227
3.17E+18,114.4879749,14.269618
3.85E+18,148.1305376,7.965457
3.43E+18,91.79700924,25.443944
1.31E+18,254.0750619,25.520986
2.45E+18,359.6239579,-0.37047469
1.89E+18,341.4916633,30.991055
3.43E+18,90.54940374,24.753761
3.97E+17,20.97038576,44.21047
4.00E+18,167.2590977,26.087263
9.07E+17,119.8855397,36.88822978
1.03E+18,124.5926765,56.764358
1.39E+18,232.4112259,39.46546208
1.03E+18,123.0827589,55.145028
3.71E+17,15.18761464,38.144502
7.77E+17,163.5329786,41.06277
3.42E+18,91.46570766,22.98364
1.03E+18,122.5627359,56.853719
4.00E+18,167.1435232,28.365807
3.16E+17,21.51559578,31.739566
3.10E+18,120.4818035,6.28022261
1.40E+17,44.45445952,36.00542
1.22E+18,236.0155854,28.595918
3.74E+17,18.56147534,43.167682
3.09E+18,124.6173858,2.051783
2.54E+18,8.672153398,-0.7324672
1.16E+18,230.1931736,7.29748711
3.38E+18,93.06308157,21.871413
3.69E+18,193.0325179,0.619059
3.42E+18,90.304089,21.257299
4.01E+17,16.90369258,45.974031
1.03E+18,123.5868645,55.031523
2.22E+18,334.9873534,68.629982
1.03E+18,126.0533514,56.766418
3.48E+17,24.57089764,41.7319
4.02E+18,170.1082038,29.94153
1.40E+17,43.55095378,34.375316
1.96E+16,38.1818776,7.59917
1.96E+16,38.1818776,7.59917
1.37E+17,43.11176996,32.619052
1.03E+18,127.2479525,56.567162
6.17E+17,143.6891094,12.88672
1.58E+18,185.7039387,57.700585
6.67E+17,119.6469077,16.340409
3.73E+17,20.94250981,42.459249
1.35E+17,40.25944585,34.336613
1.23E+17,45.85154233,30.082467
1.41E+17,40.23134948,35.51891
1.41E+17,41.02883829,35.396912
1.03E+18,125.3149546,57.357871
6.59E+17,128.6422952,17.215846
3.42E+18,90.4601339,23.145891
1.40E+17,41.21975722,34.159577
1.61E+18,219.8115346,57.056098
1.21E+18,226.6006913,18.824107
1.42E+17,42.58721354,37.081695
1.52E+18,196.7567839,37.275797
2.71E+18,333.2449261,4.095263
3.98E+17,18.88058294,47.05417
6.42E+17,145.957539,24.129513
5.18E+18,48.61042053,-4.802147
3.86E+18,161.6825081,4.866253
3.42E+18,91.12683176,22.974537
1.53E+18,188.1924341,41.41806755
1.41E+17,40.8245246,36.492456
3.39E+18,76.00692244,16.755621
3.75E+17,13.04042177,41.579759
1.03E+18,125.4562419,56.3559
6.26E+17,154.3360098,20.48530906
3.69E+17,10.42695359,40.737165
6.89E+17,137.7505108,25.995098
1.94E+18,350.4537714,43.439678
8.86E+17,107.231259,29.793872
3.87E+17,10.98068372,43.105533
4.35E+16,58.26068943,16.43888
5.82E+17,131.2796968,4.140298
9.10E+17,131.8233734,38.415749
6.49E+17,124.4142737,10.49211013
3.76E+17,17.09976733,43.409741
3.82E+17,8.210326695,41.596803
1.42E+17,44.85153299,36.756074
6.65E+16,57.83477202,24.278902
2.53E+18,19.34029987,-1.581915
3.92E+18,176.9328085,15.77269724
1.42E+17,44.53831536,36.831728
1.21E+18,226.5250013,20.694386
3.74E+17,17.85939216,44.272579
3.63E+17,15.39285025,35.142459
3.63E+17,15.39285025,35.142459
3.77E+17,17.15349967,43.914479
1.41E+17,43.05752163,35.555425
7.81E+17,158.8705458,42.64613
7.48E+17,156.1023459,31.387221
1.89E+18,341.579706,30.704416
3.42E+18,89.18794261,22.104383
1.37E+17,43.23664008,33.822886
1.04E+18,124.4166215,57.307553
3.81E+17,9.135386728,41.512314
1.42E+17,42.65306497,37.354449
3.43E+18,91.25018654,24.575949
3.74E+17,13.6410124,40.243359
3.43E+18,92.3202054,24.081118
3.32E+17,34.68589732,37.901015
7.13E+17,135.83952,33.324722
1.40E+17,41.77126201,35.241753
1.43E+18,242.7052491,51.866104
1.41E+17,40.78894953,34.92987
1.03E+18,125.7672185,56.743605
4.02E+18,183.5874114,33.525763
3.81E+17,8.533113336,39.808574
1.41E+17,42.72768113,36.395026
8.77E+17,120.2963969,30.484275
2.74E+18,1.865084276,3.706965
3.58E+18,186.1160798,-8.716842
3.43E+18,91.25187163,25.231379
1.42E+17,45.13805678,36.116794
8.37E+17,160.0455263,50.462345
3.88E+17,10.10904166,45.330274
1.03E+18,121.1452758,55.187574
3.69E+17,11.28826115,40.284294
1.03E+18,124.3266042,56.216733
1.46E+18,207.8315775,33.297188
1.03E+18,122.2108968,56.286561
6.86E+17,135.6730474,23.073965
3.43E+18,91.39825971,24.487116
1.20E+17,53.40078649,29.192543
3.75E+17,11.99051787,41.016453
3.09E+18,114.8115248,1.233036
4.57E+18,252.8538471,22.895199
3.68E+17,11.98954965,38.945716
1.03E+18,124.4741796,55.516868
1.03E+18,122.4059648,56.304079
1.03E+18,122.6447177,56.854334
1.40E+17,42.34665189,33.040732
2.48E+18,21.39436947,-4.304911
2.48E+18,21.39436947,-4.304911
3.76E+17,17.13204627,43.548233
3.43E+18,93.55866343,23.87191
6.28E+17,151.992505,20.08806763
1.28E+18,215.2158114,29.857274
3.43E+18,99.42661561,29.833547
2.96E+17,21.99094994,27.700477
1.03E+18,123.5890718,56.489627
1.03E+18,123.0585682,56.066561
1.40E+17,44.47404744,35.466545
3.68E+17,13.02277131,39.554716
1.02E+18,138.3878624,52.952
3.74E+17,14.12572882,41.62465
3.06E+18,113.1158428,-0.552643
7.01E+17,141.8885328,32.432812
8.84E+17,105.1082829,26.893108
1.03E+18,123.3632378,55.793977
1.42E+17,41.84552736,37.145179
1.41E+17,40.35532174,36.281556
3.29E+18,70.56017346,8.811918
4.01E+18,182.2932484,28.022064
3.87E+17,11.20221948,42.024508
7.65E+17,169.3463815,39.9703212
1.03E+18,122.9341826,57.158109
1.01E+18,131.5843471,45.87766319
1.04E+18,123.2627165,57.444873
8.23E+17,154.0900866,48.123542
3.42E+18,90.25721427,23.568679
6.44E+17,149.4344671,26.582525
1.41E+17,40.55895751,36.179635
1.03E+18,123.2578515,55.258821
1.03E+18,123.4517127,53.872475
1.37E+17,45.73269909,34.342169
1.57E+18,201.8289513,58.468529
1.04E+18,124.7871155,57.477463
1.37E+17,42.70026223,33.024897
2.54E+18,6.203358437,-0.01741773
7.28E+17,158.9584123,27.001057
6.72E+17,114.7124081,19.622946
1.29E+18,217.785108,31.903149
3.71E+17,16.57905843,38.523033
1.90E+18,337.9183948,32.984028
3.98E+17,20.24371204,45.041372
3.11E+18,111.2182449,0.215426
2.58E+18,18.46445811,7.966605
3.43E+18,89.05227692,24.625238
1.03E+18,125.6491932,56.353306
3.69E+17,16.70334526,36.119586
3.69E+17,10.38717188,39.784244
4.01E+18,185.5619817,29.205816
3.43E+18,98.9034372,30.154259
1.04E+18,123.7437017,57.575016
8.75E+17,119.451834,28.31805
3.17E+18,111.5032633,15.724935
3.42E+18,90.71290104,23.385419
3.42E+18,91.02807715,21.97015
3.68E+17,12.1211621,39.122705
3.43E+18,91.11687405,24.723235
2.93E+17,24.84576189,26.785129
2.50E+18,40.10007319,2.392824
2.50E+18,40.10007319,2.392824
2.50E+18,40.10007319,2.392824
3.68E+17,12.32926121,38.766272
1.61E+18,215.6800872,52.69257214
3.44E+18,91.84582877,28.970945
1.40E+17,41.20654516,34.279764
3.81E+17,9.121117692,39.610801
3.95E+18,184.5317863,17.457176
1.41E+17,40.62737551,34.742241
1.03E+18,127.8109849,56.840639
1.37E+17,42.40774613,32.932437
3.79E+18,173.6281441,-4.530406
4.52E+18,274.2649828,15.676768
1.45E+18,203.4279532,25.310078
9.19E+17,128.5420728,47.340271
1.03E+18,122.3138357,55.825412
1.03E+18,126.2762516,57.232164
3.74E+17,18.14746087,42.971031
8.88E+17,103.371792,28.921938
1.35E+18,259.3184,41.319207
1.37E+17,42.25869299,32.862674
3.42E+18,90.91984964,22.218164
1.42E+17,45.27546783,36.015438
7.22E+17,154.8436056,21.929445
3.42E+18,81.16046921,26.778414
1.03E+18,123.6192911,54.143569
8.84E+17,107.0721422,27.776924
1.40E+17,42.29113835,34.578082
3.98E+17,19.16341674,44.955065
1.44E+18,203.8925222,21.457611
3.62E+17,10.6585933,35.017623
1.42E+17,41.72346274,37.202484
7.41E+17,154.4418386,28.716927
3.75E+17,12.47423268,42.409197
3.38E+18,92.57807374,21.587982
1.59E+18,224.2981437,44.392181
1.12E+17,46.92267449,24.048332
1.03E+18,123.6014574,56.156097
3.74E+17,14.0568602,39.729753
1.03E+18,125.8912587,57.020538
1.46E+18,206.5716853,28.779372
1.03E+18,124.5110772,56.390457
1.18E+18,224.6013121,12.292867
3.99E+18,159.9103095,20.751504
1.37E+17,45.13663775,34.883528
2.23E+17,54.4212375,36.965675
1.42E+17,44.28571236,36.77888
1.27E+18,228.0562878,26.007986
1.31E+18,248.5267865,30.316919
1.31E+18,248.5267865,30.316919
7.81E+17,161.5402164,42.759011
6.49E+17,123.6651381,11.483425
7.95E+17,149.7815123,33.790541
3.79E+18,173.9254643,-4.441068
1.37E+17,45.29283783,34.363157
1.08E+18,121.8695497,58.177785
1.03E+18,124.0330886,55.428255
1.91E+18,351.1084016,36.803602
1.42E+17,43.86348361,37.237288
3.42E+18,91.41831819,21.382317
1.04E+18,124.5706735,57.665886
3.69E+17,11.40203301,39.699666
3.42E+18,90.64490418,21.946051
7.39E+17,151.7963032,26.127798
1.04E+18,125.9817009,58.210452
1.40E+18,240.9918832,51.58340346
3.74E+17,13.63850442,40.411785
1.40E+17,41.62979255,34.233306
3.88E+18,150.9718922,9.354923
1.41E+17,42.16695696,36.667706
1.46E+18,208.4958836,32.478751
2.78E+18,14.67036403,16.734471
3.43E+18,88.60210346,24.018235
8.02E+17,151.1015447,37.614748
3.75E+17,12.7705344,40.658056
2.27E+18,326.5185112,73.08577067
1.47E+18,207.8085409,35.692212
3.88E+18,156.6430044,9.232805
1.41E+17,40.61610525,35.851604
3.09E+18,122.9582759,0.977501
3.68E+17,12.53656316,38.710305
2.54E+18,12.85694341,-0.6213625
3.68E+17,13.23516931,39.367679
6.81E+17,121.2539553,24.216337
3.42E+18,90.39832084,23.847098
3.69E+17,10.64638966,39.837476
1.45E+18,211.0195483,28.578178
1.41E+17,40.57784345,36.419214
7.97E+17,143.0119511,33.84979
1.50E+18,205.4256563,41.01544621
2.51E+18,24.02474043,-1.12991369
3.99E+18,165.3747859,22.324639
1.03E+18,122.6301014,56.279528
1.42E+17,42.98292737,37.175495
1.03E+18,122.705212,55.707594
6.94E+17,141.4911739,27.28524
8.88E+17,103.2647897,28.964557
1.37E+17,45.5175809,34.879386
3.42E+18,90.21283056,21.75847
1.41E+17,43.26392255,36.316529
1.42E+17,42.58279675,37.374931
3.81E+17,8.537187814,40.758619
1.03E+18,122.080854,56.086794
1.40E+17,42.02388452,33.937766
6.29E+17,153.7620724,21.437443
8.56E+17,169.3220282,56.394756
1.40E+17,42.28805424,33.359739
3.42E+18,91.14990237,21.680456
3.08E+18,126.7760115,0.882898
1.55E+18,203.1052347,43.66432
1.03E+18,123.1982928,55.64492
2.68E+18,331.9486697,0.268353
2.68E+18,331.9486697,0.26844
1.41E+17,40.42134626,36.018527
6.87E+17,137.5270821,23.639588
1.56E+18,204.6428083,51.91691363
7.93E+17,147.2073882,31.632733
1.42E+17,44.69924141,36.939346
3.42E+18,90.05156883,23.956536
3.43E+18,90.84643938,25.362495
3.95E+18,186.8540914,21.81237162
3.42E+18,89.26303742,23.913858
6.76E+17,118.148344,24.182504
1.41E+17,40.55373894,35.063579
1.17E+17,44.78026078,28.105012
4.01E+18,180.5679487,26.448174
6.97E+17,142.4866144,30.337477
3.42E+18,89.64962825,22.753183
3.43E+18,91.48797685,23.318605
4.03E+18,173.2835223,32.007764
2.17E+17,57.89278659,33.136357
4.5092E+15,42.05863654,2.521994
3.74E+17,18.87108192,43.497557
7.26E+17,157.1671425,24.328604
3.97E+17,21.44621527,45.165922
1.03E+18,124.2634348,55.447624
1.53E+18,192.4930623,43.365082
4.53E+17,37.87655009,53.550924
3.95E+18,185.2530779,23.63917
1.03E+18,126.6923959,56.438743
9.72E+16,27.22854442,21.068785
1.03E+18,121.5425533,55.093728
1.37E+17,43.29323763,33.43201
1.37E+17,45.22494191,34.482126
2.69E+18,322.2815358,-0.914181
1.47E+18,202.6897788,34.944882
3.17E+17,21.14404148,33.81069
7.39E+17,152.9068927,25.687105
8.88E+16,39.89190583,22.417546
1.28E+18,227.5759465,30.028821
1.56E+18,200.8676268,51.494
1.40E+17,42.15376464,34.002242
3.43E+18,90.67870023,24.101088
1.03E+18,122.1571031,56.599005
8.88E+17,103.5146195,28.989944
1.40E+17,42.09695797,34.216174
8.80E+17,113.1715636,30.100458
1.03E+18,121.8526207,56.387137
1.03E+18,125.9700601,56.264778
1.41E+17,41.56587455,35.294923
6.95E+17,141.8609442,27.489328
8.50E+17,164.2208164,55.745491
1.41E+17,42.46697088,36.733536
3.42E+18,89.85074726,23.583637
6.94E+17,141.0455144,26.404949
3.26E+18,53.24910734,-1.818893
3.69E+17,9.887827181,40.15205
3.82E+17,7.964615598,43.682247
4.56E+18,255.007328,19.318168
3.69E+17,11.18742691,40.367027
1.41E+17,41.25572885,35.81038
7.47E+17,150.0199026,33.10039217
1.17E+17,50.40018822,25.331816
8.88E+17,103.1018737,28.399032
7.47E+17,151.6770552,34.191154
1.60E+18,225.9427214,55.054745
1.08E+18,122.4316336,58.190522
3.98E+17,19.26569297,44.77579
6.12E+17,134.7689699,17.98510969
3.96E+18,187.4161524,25.502458
3.98E+17,20.17715118,44.932708
1.40E+17,43.77910398,35.803124
6.83E+17,122.0289819,26.482611
3.68E+17,12.13471304,38.99262
4.02E+18,183.942345,32.742532
4.02E+17,17.387588,47.632998
1.40E+18,236.7984713,51.931991
1.41E+17,41.14871333,35.861912
1.19E+17,50.88505685,28.07071
3.43E+18,92.30476005,25.418313
3.92E+17,3.417510891,47.469329
1.03E+18,124.938997,55.024403
1.04E+18,124.22818,58.000075
1.40E+17,43.13480349,33.937986
1.40E+17,41.99539574,34.353352
2.91E+17,25.85020508,23.44725
1.03E+18,123.3563729,55.20029
3.99E+18,162.2649514,19.356554
3.62E+17,11.94752967,33.562238
7.39E+17,150.6175172,25.822327
3.07E+18,130.3662049,-1.234086
3.69E+17,11.28032214,39.287334
1.39E+18,231.7612468,43.754822
1.03E+18,123.2240429,55.000461
1.40E+17,43.90367357,35.657994
1.42E+17,44.83212927,36.701103
7.05E+17,130.3300212,29.063491
2.51E+18,29.83752684,1.823847
2.56E+18,7.686256716,6.257344
7.69E+17,175.1326041,41.201805
1.57E+18,188.5231863,55.63492457
1.03E+18,124.5507936,54.05158
1.41E+17,40.66103269,35.449967
3.83E+18,147.3740108,-1.213304
2.58E+18,17.49926875,7.559419
3.69E+17,11.63426641,40.718656
1.66E+18,213.3494849,58.333409
3.74E+18,194.7653045,12.354296
9.17E+17,130.0383305,45.021673
3.69E+17,11.16117538,39.664241
2.52E+18,36.13195475,3.609966
1.04E+18,123.3350342,57.568121
4.58E+18,258.2610726,29.101326
7.39E+17,151.0467205,26.00670037
3.75E+17,13.19340983,41.246298
4.01E+17,16.50879929,46.787141
3.74E+17,18.2337329,43.937742
3.68E+17,10.1032965,38.89373
1.03E+18,130.2283159,56.952636
1.55E+18,197.4224112,48.19890886
1.39E+18,228.3538256,38.255446
1.27E+18,234.1108127,28.857993
3.99E+18,159.6277942,18.424564
3.98E+17,20.70230903,45.028671
1.03E+18,124.2518234,55.502139
1.03E+18,125.4238046,57.052777
1.32E+18,241.4850441,31.923385
1.03E+18,128.3491979,56.349007
6.96E+17,145.2214505,29.09464
1.24E+18,209.6607674,17.639846
1.35E+17,40.33109215,34.434244
1.66E+18,210.7596297,55.580394
3.82E+17,9.684848028,42.121051
2.10E+18,287.2111504,38.611977
1.03E+18,124.4379421,56.565523
1.04E+18,123.0568252,57.718094
1.37E+17,42.72148016,33.053668
1.03E+18,125.6271392,56.388974
2.27E+18,325.01618,74.00022498
3.95E+18,185.4772605,21.37367875
6.44E+17,143.8811133,23.432368
1.18E+18,222.6091953,13.129044
8.83E+17,106.6550284,26.855255
1.08E+18,120.6450909,56.517212
3.42E+18,89.86056599,22.640867
4.01E+18,186.8648924,26.693781
8.88E+17,104.9336771,29.316516
7.42E+17,155.7927722,29.565889
3.43E+18,90.40526309,24.753074
1.40E+17,42.10747955,33.938731
3.70E+17,17.26805062,38.900845
3.74E+17,19.0892402,43.966789
1.50E+18,204.396577,40.3715238
7.57E+17,167.9952994,31.62949
3.43E+18,89.40225402,24.150787
3.43E+18,88.41792786,23.464832
3.88E+17,9.070230408,45.056982
7.14E+17,137.6832388,32.935538
1.37E+17,44.3329307,34.210563
7.34E+17,166.0585833,31.736168
3.64E+17,14.64104937,36.998486
3.69E+17,11.10487253,39.741329
1.03E+18,126.4114504,56.515534
2.91E+17,25.77830155,23.546246
2.84E+18,351.765734,25.875397
1.51E+18,210.0162036,54.27186328
2.87E+18,356.1097146,33.168484
9.14E+17,131.7315157,42.93621
1.08E+18,121.5506005,56.706692
6.94E+17,142.1668502,26.632836
1.41E+17,42.03809495,36.442846
1.02E+18,145.4890687,53.5784325
1.45E+18,210.3733915,27.632712
8.85E+17,107.0416726,29.483941
8.85E+17,107.0416726,29.483941
3.81E+17,9.759707387,40.332347
3.67E+17,11.1688712,37.227101
4.01E+17,16.85995584,47.571482
3.85E+18,146.0983562,6.127388
1.35E+17,40.5962325,34.246552
1.42E+17,42.80972622,37.515042
1.03E+18,125.2060157,54.796295
7.79E+17,161.0492278,40.18262856
3.42E+18,89.836452,23.671999
1.04E+18,127.2811906,57.955341
1.02E+18,141.1237735,52.569648
3.90E+18,178.8550912,5.721822
3.74E+17,13.88488557,39.587881
3.93E+18,191.2431417,13.033378
3.90E+18,186.8729387,6.873297
1.40E+17,41.98856744,33.861657
2.71E+18,333.7922496,6.213989
6.81E+17,121.0518959,24.181289
3.77E+17,17.05039796,45.036965
1.37E+17,43.25608653,33.017189
1.46E+18,195.6791052,26.976286
6.77E+17,124.0558848,23.58358
1.40E+17,44.06675737,36.023784
3.98E+17,19.32534733,45.270176
1.03E+18,123.2123632,56.635367
1.08E+18,122.1603487,57.924745
3.69E+17,10.66142687,40.924981
7.01E+17,141.7464068,32.369583
6.17E+17,142.7903565,12.628184
6.17E+17,142.7903565,12.628184
3.32E+17,31.70310585,38.330905
1.40E+17,42.6077007,33.895354
3.71E+18,191.839865,8.64982
3.43E+18,92.9350959,24.651106
1.11E+17,49.26258778,24.021912
8.90E+17,107.3202359,30.546672
3.82E+17,9.001254385,42.509671
7.36E+17,157.7148827,29.896855
1.35E+18,251.1450637,38.100453
3.43E+18,93.28113428,24.075931
3.42E+18,90.48552357,23.351456
1.50E+18,207.6329586,37.485748
1.50E+18,207.6329586,37.485748
9.28E+17,115.3426146,47.243926
1.03E+18,127.7629109,56.28083
4.01E+18,187.5333798,28.590197
1.52E+18,194.7278014,35.990749
1.40E+17,42.2095733,35.284706
1.02E+18,148.0878737,55.237014
1.03E+18,122.8692894,57.065081
3.08E+18,122.213064,-0.012288
3.43E+18,92.09438866,23.951913
3.43E+18,90.031322,25.333695
1.51E+18,192.7302775,32.766279
1.41E+18,247.5721764,49.013902
3.81E+17,8.030725372,40.889425
1.48E+18,218.4152833,36.173463
3.74E+17,18.61139959,44.430659
4.03E+18,180.7282122,35.376308
1.25E+18,205.8712282,17.928537
8.90E+17,107.1046547,32.950603
1.50E+18,205.3257342,43.766216
1.03E+18,125.5146645,56.636162
3.82E+17,9.661678042,42.409946
1.02E+18,144.4580654,51.282216
3.74E+17,17.84750618,43.773109
1.03E+17,37.63092549,26.14356
3.81E+17,8.908198972,40.893047
1.38E+17,48.26802558,34.359104
1.42E+17,42.60589482,37.159771
6.86E+17,135.453645,23.506793
3.87E+17,11.47333129,42.944819
7.66E+17,176.2816437,37.727346
3.79E+18,172.622677,-1.77413004
2.55E+18,15.98200889,4.375423
3.97E+17,21.20303237,44.207917
1.03E+18,123.6017782,56.219952
4.00E+18,165.5232721,24.87819
1.03E+18,125.7811549,57.63218
1.25E+18,208.4220328,19.433184
3.42E+18,89.11680487,23.377806
1.08E+18,121.7002461,57.5925
3.81E+17,10.2443525,41.549586
2.74E+18,4.41727296,3.815683
1.08E+18,122.3019415,58.376209
1.68E+18,197.8737792,62.90584
3.68E+17,10.34706506,37.865182
2.59E+18,21.14955335,13.393434
3.43E+18,92.97164125,23.459392
2.52E+18,35.9730619,4.880923
2.52E+18,35.9730619,4.880923
8.89E+17,103.8386311,31.956734
3.95E+18,181.647255,20.85346
1.41E+17,42.62297005,35.585933
8.82E+17,119.0574642,33.959702
1.58E+18,190.3607075,59.439117
4.01E+17,17.96933623,45.794564
1.37E+17,44.55040795,34.577651
8.03E+17,151.5859942,38.800923
1.53E+17,72.91832659,25.64697
2.56E+18,22.25315536,0.68447516
1.84E+16,38.30481406,5.882446
1.84E+16,38.30481406,5.882446
1.84E+16,38.30481406,5.882446
1.84E+16,38.30481406,5.882446
1.84E+16,38.30481406,5.882446
9.33E+17,119.3123552,46.417951
1.03E+18,124.1856845,54.349859
1.01E+18,133.627012,48.937946
4.02E+18,184.9565532,30.760929
3.69E+17,11.55607018,39.46442
1.06E+18,172.8247007,68.22694
3.74E+17,14.01852489,39.920592
4.02E+18,174.4169803,26.226821
1.16E+18,227.3781024,7.4735879
3.98E+17,20.56535974,45.033873
1.35E+17,40.05212726,34.821089
8.84E+17,108.5387874,27.43059
1.03E+18,125.2941793,56.857303
8.83E+17,106.9418079,26.632939
8.83E+17,106.9418079,26.632939
1.37E+17,43.12200259,33.380437
8.84E+17,104.9573032,27.270364
6.99E+17,139.1433781,29.007728
3.98E+17,20.77320106,44.771339
1.44E+18,201.4312904,21.079686
1.08E+18,123.5017495,58.27586
3.43E+17,26.48885358,37.502296
8.21E+17,148.1151755,45.753181
1.08E+18,123.1402609,57.967801
3.42E+18,91.25628517,22.220937
1.39E+17,45.20379719,35.896293
1.03E+18,124.3714083,56.189091
1.03E+18,125.3394303,56.613948
1.03E+18,121.5542216,55.626658
1.40E+18,236.4227824,50.55388426
1.30E+18,251.7980273,23.68585839
1.27E+18,232.1637681,30.423285
5.18E+18,48.2127841,-4.808608
6.84E+17,122.9488387,29.07595
3.08E+18,126.117141,1.383626
3.74E+17,13.48361056,41.110268
3.42E+18,89.37710868,23.026386
1.57E+18,180.3546464,56.184595
3.43E+18,88.77903563,24.319989
1.41E+17,42.53508034,35.972341
3.37E+18,107.4490101,20.181307
4.02E+18,174.7540519,29.793027
3.74E+17,13.52058142,40.22926
3.98E+17,19.88328209,44.940704
3.98E+17,19.12077143,44.41954
1.02E+18,143.6034871,53.8153
1.02E+18,143.6034871,53.815296
1.02E+18,143.6034871,53.815272
2.87E+18,358.1845588,30.561754
7.00E+17,136.7391584,30.449024
3.87E+18,165.9303527,8.1345
3.62E+17,10.62776615,34.610113
3.42E+18,89.47661431,23.299813
2.65E+18,340.6074112,-1.305901
3.03E+17,23.46879203,29.419372
2.55E+18,3.857782159,-0.6102283
1.03E+18,124.9052437,54.885825
8.53E+17,154.2857122,56.37664003
1.35E+17,40.43002028,34.488483
3.95E+18,183.8317206,22.910581
1.41E+17,40.81440188,36.437144
3.69E+17,11.28430849,39.529249
8.04E+17,154.609382,41.537496
1.34E+17,41.8819738,32.790155
2.75E+18,2.531777081,9.513229
3.40E+18,80.88597927,19.555069
1.08E+18,121.3777612,57.383926
7.16E+17,132.2420124,33.57234
1.47E+18,201.7280777,34.73555
1.59E+18,221.8787855,46.299378
1.59E+18,221.8787855,46.299378
1.40E+18,237.5200089,50.49907788
2.51E+18,31.55273661,0.25755928
8.89E+17,101.9510324,30.444339
3.25E+18,56.01250119,-1.08695115
1.03E+18,122.6109215,56.946161
8.76E+17,120.3599294,28.313415
7.43E+17,154.1777001,31.506809
4.59E+18,266.413062,26.77084217
3.69E+17,10.56704489,39.532022
7.59E+17,173.348618,35.199112
7.30E+17,164.1080066,26.778516
1.24E+18,214.3236132,19.37636736
1.03E+18,121.7316713,56.102324
3.87E+17,11.37922151,42.911764
8.03E+17,151.5364879,38.448716
7.48E+17,157.4835518,31.291283
3.81E+17,9.547060843,41.516143
1.03E+18,128.4139475,56.359863
2.84E+18,349.2697349,25.019611
1.03E+18,123.9003563,54.151295
1.04E+18,124.7977718,58.285573
9.52E+17,103.3915295,41.101444
1.03E+18,128.3999668,56.590033
3.92E+17,3.391193226,47.33578
1.23E+18,217.7802897,15.120094
3.85E+18,145.7358799,2.265351
7.25E+17,154.426755,23.51743429
1.66E+18,204.5681338,58.829404
1.42E+17,41.70604895,37.115311
3.98E+17,20.70336665,44.498229
3.74E+17,13.94313117,39.99759
1.41E+17,40.14692369,34.936364
3.77E+17,17.49423998,43.95907
2.35E+17,51.64837076,37.866669
1.03E+18,127.5903681,56.734485
8.60E+17,166.6086346,58.87887468
8.07E+17,149.358309,41.470943
8.07E+17,149.358309,41.470943
4.01E+17,17.77048769,46.198029
3.97E+17,21.266426,44.751512
3.67E+17,10.43288934,37.726802
3.42E+18,90.03989936,22.552129
1.41E+17,42.67096304,35.543287
6.61E+16,61.8094445,24.661347
3.78E+18,154.6941869,-3.682521
6.45E+17,141.5677676,24.101444
6.45E+17,141.5677676,24.101444
9.09E+17,123.4435082,40.16683633
1.37E+17,43.25803698,33.29576
1.52E+18,192.9225012,38.046888
6.37E+17,141.0604609,20.019824
1.41E+17,41.47883854,35.186524
3.73E+18,195.692716,9.381115
3.74E+17,13.68821898,41.076407
8.00E+17,147.2715041,39.137596
1.90E+18,337.3939288,32.193748
1.03E+18,120.8498911,55.193786
1.40E+17,42.21710123,32.973419
1.03E+18,121.0989425,55.285709
3.69E+17,10.79631464,39.289028
2.11E+18,277.6902941,41.205128
3.77E+17,17.14224243,43.793251
9.69E+17,93.30707244,47.920425
2.48E+18,23.33473818,-3.258569
7.42E+17,152.9504198,30.722518
1.50E+18,218.7389392,47.08845629
1.40E+17,43.65261424,35.647623
3.74E+18,203.6957727,12.599369
8.78E+17,121.12359,30.798839
7.20E+17,133.2218001,38.728472
1.04E+18,124.7878875,58.667412
9.42E+17,99.8048496,35.344092
3.43E+18,92.15404991,24.834581
1.40E+17,41.96783222,34.588464
3.44E+18,97.90460996,33.176579
6.50E+16,56.83594536,23.689874
2.50E+18,41.057785,-0.57428388
3.10E+18,120.6047211,5.59918322
1.03E+18,122.8486707,56.623117
1.40E+17,41.21750943,34.374343
8.68E+17,116.3541752,24.37893
3.63E+17,13.33062201,34.815128
1.03E+18,127.0657245,56.272331
4.00E+18,165.9423455,26.741619
1.03E+18,124.556334,55.638031
2.55E+18,2.57476551,-0.2177568
3.74E+17,18.91405982,44.001347
1.03E+18,125.2783833,55.63734
3.42E+18,88.97811418,22.386937
3.89E+18,184.050388,5.03716
3.75E+17,12.0737382,41.40747
1.40E+17,42.49055831,34.92278
1.41E+17,40.16568501,36.12129
9.12E+17,129.3068639,41.171098
8.41E+17,172.785861,54.093179
8.47E+17,157.0258896,50.64685575
2.55E+18,14.45858895,6.051715
2.24E+18,292.6181054,62.96124938
1.42E+17,42.54112907,36.825881
3.43E+18,93.36916239,23.631516
8.92E+17,112.4016787,30.495244
3.43E+18,90.4503481,24.3044
2.87E+18,352.5344606,26.757538
3.69E+18,186.8071833,-1.73975489
8.78E+17,120.8046135,30.285678
1.58E+18,187.2223296,57.856264
1.63E+18,247.7308589,62.30532795
1.08E+18,122.4839708,57.805548
1.56E+18,199.8688723,49.55720951
1.04E+18,126.2265396,58.098314
7.30E+17,163.8150184,25.986741
1.03E+18,123.7978841,55.754739
3.38E+18,91.9375608,21.000781
1.76E+18,312.8063207,14.75580949
3.43E+18,90.8996208,28.111478
8.05E+17,156.1215632,42.423485
3.30E+18,71.36669269,11.30271682
1.49E+18,220.1403771,42.41059713
1.03E+18,126.0419968,56.550766
8.84E+17,108.2240264,27.928847
3.73E+18,192.4598154,9.716673
7.55E+17,159.3981179,38.78387802
8.51E+17,161.1317412,54.766538
9.21E+17,117.940018,40.213008
1.03E+18,122.2442947,55.632154
1.04E+18,123.4233089,57.178484
1.42E+17,41.90476783,37.188687
3.42E+18,92.18777301,21.553831
1.58E+18,193.9130036,61.5040307
6.88E+17,135.7669212,25.214178
1.04E+18,126.3900011,57.950053
2.50E+18,36.94583732,1.536597
1.08E+18,120.8487428,57.412479
1.03E+18,127.1352213,56.209164
3.68E+17,9.489712915,38.593043
1.42E+17,42.34694354,37.501503
3.98E+18,173.0986923,22.886999
3.97E+17,21.32422851,45.093732
7.03E+17,130.7278577,26.317427
3.98E+17,19.78784995,44.644942
3.43E+18,97.80687971,27.475266
3.87E+17,10.50725012,42.992675
2.71E+18,342.6795309,5.412003
4.01E+18,187.6823018,31.38523
1.03E+18,123.7165296,53.928427
8.71E+17,108.7245769,25.753983
2.72E+18,330.8102752,7.771521
1.03E+18,128.1085434,56.690024
7.32E+17,164.0412937,28.904335
3.35E+18,85.14281859,14.344852
1.28E+18,226.0548227,29.389292
3.42E+18,90.87978361,22.114439
1.29E+17,42.91485868,30.08016
1.27E+18,223.9249178,26.389682
4.53E+18,278.0786951,21.81306537
1.27E+18,228.7346644,27.525347
1.04E+18,124.817792,57.632108
1.47E+18,202.9168999,31.284164
1.51E+18,206.3095984,48.54137318
3.82E+17,9.597935361,42.815517
3.28E+18,53.99755107,5.758044
1.89E+18,333.8238055,28.005417
1.03E+18,123.5199691,55.861471
3.74E+17,13.10583306,40.19875
3.74E+17,14.17392531,40.947254
1.04E+18,123.8867295,57.777794
3.30E+18,65.25376437,7.902575
1.43E+18,244.5763379,54.941419
1.37E+18,263.8237293,50.987065
3.74E+17,14.08098351,39.570677
3.43E+18,91.77770727,23.319909
2.79E+18,21.49398979,19.932192
3.75E+17,13.72874587,41.688356
8.70E+17,108.6599708,24.077385
3.74E+17,13.18255824,39.785653
3.81E+17,10.10836398,42.372156
3.42E+18,89.65544332,23.273896
1.04E+18,123.1537244,57.511581
6.97E+17,142.5894276,30.548597
6.98E+17,142.7211338,31.642038
1.40E+17,43.6102932,35.142337
2.85E+18,349.9827467,28.312662
1.16E+18,233.9194279,8.3620343
1.03E+18,122.7755983,56.752224
1.33E+18,258.1107937,31.254873
3.69E+17,10.77528878,39.236673
2.27E+18,319.3495558,72.983727
1.37E+17,45.50814083,34.103712
6.12E+17,135.053095,18.910076
3.69E+17,10.13077026,40.341337
2.81E+18,348.8863502,14.194794
2.81E+18,348.8863502,14.194794
3.43E+18,92.95199191,24.192218
1.40E+17,43.24882012,35.600939
3.74E+17,13.51135329,39.814534
6.37E+17,137.4519614,21.43506414
1.37E+18,240.8554688,36.50316395
1.03E+18,123.3771778,55.7613
6.94E+17,140.9458376,27.226957
3.42E+18,90.48905489,20.856178
1.03E+18,124.7761839,56.015042
1.03E+18,124.7786391,56.564187
1.41E+17,40.09443733,35.367708
1.42E+18,269.3698281,55.233113
3.87E+17,10.05343854,42.830582
1.04E+18,123.3140037,57.909348
1.41E+17,43.82818317,36.73631
1.03E+18,124.1528542,55.333427
1.42E+17,43.1476452,37.27444
1.06E+18,167.5876228,64.4201142
9.42E+17,99.85849462,34.663655
1.35E+17,40.43538567,33.950184
9.11E+17,128.9770356,38.378436
4.01E+18,177.8394767,26.627808
1.04E+18,124.3031685,57.263836
8.54E+17,162.2955057,57.86910217
3.68E+18,190.6855413,-2.85778664
1.76E+18,313.3896863,15.983988
2.58E+18,17.59871452,5.843275
1.41E+17,40.43289462,36.5507
3.77E+17,15.54778138,44.00096
3.98E+17,19.32315802,44.320201
2.56E+18,20.39742273,5.732738
1.03E+18,124.1217371,56.950066
1.41E+17,43.28418839,36.96558
1.03E+18,124.4454071,56.492803
1.42E+17,41.07040259,37.006225
2.78E+18,16.74005083,15.17819
1.42E+17,43.08589634,37.53368
3.42E+18,91.28830713,22.993162
2.77E+18,1.772492255,15.565246
1.47E+18,193.0885686,31.574523
1.04E+18,124.4610891,57.800292
3.73E+18,196.234459,6.112042
8.73E+17,111.4848653,28.258894
1.68E+18,200.6559253,66.97384522
1.50E+18,204.7610029,44.497436
1.62E+18,223.6617811,61.158228
2.56E+18,9.806351381,7.99991583
3.72E+18,205.1393893,5.554202
1.27E+18,233.0248052,30.263981
1.40E+17,42.65127064,34.17798
8.87E+17,104.2602628,27.873805
1.58E+18,191.118164,58.299033
1.58E+18,191.118164,58.299033
3.16E+18,112.7277356,13.761982
3.74E+17,13.63478015,40.947674
1.40E+17,43.68672597,35.73206
1.03E+18,121.5768162,56.051068
7.04E+17,130.0476117,27.58696214
1.40E+17,41.91691004,33.58185
3.76E+17,13.31071271,42.422525
8.93E+17,111.7753182,32.082485
3.48E+17,23.760514,42.323509
3.42E+18,90.1417661,21.621881
9.09E+17,121.6167887,39.313234
4.01E+18,184.9640813,25.399907
4.41E+18,240.4671762,-1.774919
8.80E+17,113.3005998,30.5628
1.59E+18,222.8949612,51.137211
2.56E+18,20.49663116,4.748318
3.43E+18,90.7663519,24.978927
3.43E+18,92.14407491,25.092559
3.26E+18,58.62343857,0.143281
3.73E+17,17.66643671,43.236595
8.73E+17,111.3041561,27.922552
3.72E+17,22.13581241,42.009404
1.08E+18,121.8983493,57.029808
1.03E+18,122.9529525,56.081567
3.83E+18,147.2511024,0.139187
1.51E+18,209.8449427,50.06938559
1.40E+18,236.3544308,43.46959591
1.45E+18,201.6330661,25.91703624
3.81E+18,168.3082538,2.65712028
1.03E+18,124.7909773,55.804757
3.43E+18,92.50649407,23.880897
1.03E+18,127.4168488,57.613588
1.03E+18,127.9772774,56.625944
3.68E+17,10.44395206,39.239509
3.26E+18,62.80031139,1.307245
1.08E+18,120.9782828,56.793062
6.79E+17,125.3347131,23.662336
1.41E+17,41.34738944,35.32971
1.40E+17,42.86836291,35.345061
1.42E+18,260.1828819,56.019241
3.68E+17,12.44864972,38.719037
5.86E+17,141.3775079,6.555351
9.30E+17,125.27486,45.694898
3.43E+18,90.42157628,24.971043
1.03E+18,125.5321274,55.945943
3.98E+17,18.5707674,44.891708
1.03E+18,128.6782032,56.183104
8.87E+17,110.4653316,32.004712
8.86E+17,107.8177826,30.301176
1.03E+18,123.2929119,56.824121
6.90E+16,50.95313869,24.541519
1.58E+18,195.7016132,59.77663927
1.08E+18,121.3186295,57.680185
1.03E+18,128.6734786,56.665194
1.39E+18,232.5135778,44.826532
4.00E+18,182.9400476,24.5352929
1.41E+17,40.76516587,34.954301
1.55E+18,204.4524887,46.941258
1.42E+17,43.88296261,37.339934
1.03E+18,126.4340656,56.802555
3.38E+18,98.44798298,23.843399
1.03E+18,128.6198278,56.578492
1.41E+17,41.44843987,35.639539
2.97E+17,21.63471609,27.958259
3.72E+18,205.4861143,8.643162
1.03E+18,124.986324,56.038389
3.70E+17,17.24770131,38.299907
1.33E+18,244.646827,37.167155
3.99E+18,161.3366602,19.275485
3.43E+18,89.27032279,24.649793
1.49E+18,221.6817159,39.18715
8.88E+17,102.9761858,29.215589
3.43E+18,91.69597734,24.784521
1.03E+18,124.2169886,56.17696
1.55E+17,71.90991979,27.600296
1.55E+17,71.90991979,27.600296
2.52E+18,37.25609715,3.606392
8.83E+17,106.5174443,25.996841
1.41E+17,40.52288072,36.153989
8.32E+17,161.3399408,48.473111
3.43E+18,98.76372654,28.068484
3.69E+17,9.84021898,40.07489
2.71E+18,335.8540417,6.005758
6.12E+17,135.1234643,18.261866
1.58E+18,188.9623918,58.0754724
3.44E+17,26.32586529,38.148012
3.44E+17,26.32586529,38.148012
3.44E+17,26.32586529,38.148012
3.43E+18,91.58685565,25.136031
3.36E+18,100.6910238,15.222964
1.03E+18,124.6282312,55.559978
2.54E+18,9.681181982,-0.4849558
5.79E+17,139.6313576,4.617152
9.44E+17,100.8788655,37.723155
3.82E+17,9.48207632,42.478454
3.43E+18,93.07780415,24.157376
8.55E+17,159.0681908,58.968148
3.72E+18,210.1483791,7.78888858
1.02E+18,142.1541327,49.060411
1.41E+17,41.33970859,36.447207
1.35E+17,45.4974163,31.229654
3.76E+17,16.38248929,43.873521
1.03E+18,125.2748663,56.366101
3.69E+17,10.26337928,40.685035
1.41E+17,43.36235863,35.644438
4.01E+18,175.5758932,25.700983
3.67E+18,211.744866,3.954491
3.38E+18,100.9527828,26.79802
1.06E+18,161.6506422,64.37979461
3.43E+18,89.58451144,24.684564
1.31E+18,251.0795685,29.669832
1.41E+17,41.27349162,35.296841
2.07E+16,42.2332805,8.658379
1.51E+18,210.5579789,53.897442
2.69E+18,321.5453763,-0.9938269
3.92E+17,3.949261646,47.742893
3.43E+18,91.47884322,25.106879
1.40E+17,42.16726154,35.260132
4.57E+18,261.7558635,26.301273
4.02E+18,174.8604674,27.420671
2.86E+18,6.612474233,33.627403
3.42E+18,81.81024796,23.749058
4.03E+18,179.7309487,39.850394
2.65E+18,341.4640538,-0.648831
3.15E+17,22.86637634,30.743882
1.03E+18,125.6711755,56.249691
8.14E+17,144.9948601,41.591006
3.98E+17,20.74104075,44.899306
9.30E+17,122.3618266,45.73948
3.42E+18,88.65213052,23.119756
1.52E+18,190.843238,40.33116249
3.76E+17,16.18515787,43.356961
4.00E+18,167.33982,27.96704652
1.41E+17,43.74902998,36.942911
1.37E+17,44.9652557,34.821349
3.42E+18,89.25728332,21.607398
2.52E+18,36.5345151,3.552533
4.02E+18,176.9758388,30.303385
3.88E+18,152.2084853,12.933541
8.29E+17,159.6961234,43.610497
7.63E+17,165.3429723,37.65298099
3.69E+17,11.69847814,40.503743
8.20E+17,147.221502,43.090175
1.56E+18,205.4278123,49.78106484
1.41E+17,40.67696362,34.522054
3.45E+18,94.17575858,36.810739
3.45E+18,94.17575858,36.810739
3.45E+18,94.17575858,36.810825
3.45E+18,94.17575858,36.810825
1.50E+18,210.5656771,43.93439405
1.03E+18,123.8487764,56.331388
2.48E+18,22.69249608,-3.809163
3.27E+18,48.01278452,-1.00270951
3.95E+18,187.1651725,19.8894841
3.16E+18,111.294933,10.395678
1.03E+18,125.3017011,57.009132
6.81E+17,122.7464496,23.714125
1.04E+18,126.5884242,57.550511
1.03E+18,123.70748,56.596285
1.08E+18,120.6295042,56.412784
1.03E+18,123.6080266,55.663796
1.56E+18,203.1860247,51.84514438
1.40E+17,42.32471501,34.420096
3.70E+17,16.36378857,37.166015
1.03E+18,124.9868717,56.837367
1.03E+18,122.3520248,56.293691
3.82E+17,9.289212737,42.528252
3.44E+18,82.77141072,28.116645
1.04E+18,125.0179122,57.700084
1.40E+17,42.70264665,34.231996
3.98E+17,19.33614239,44.147199
1.53E+18,197.2113368,44.990664
3.92E+17,4.870051964,46.37148
2.06867E+15,43.88658041,3.673986
8.33E+17,164.2706477,48.608493
3.93E+17,3.842671488,48.254343
4.01E+17,18.13862606,47.715465
1.37E+17,42.52639296,32.836917
2.52E+18,32.7198928,3.563764
4.02E+18,171.6717598,29.630213
3.27E+18,55.77086141,4.284198
3.81E+17,8.754754881,42.01975
1.41E+17,43.64231794,35.989709
1.40E+17,41.76128335,34.966161
3.74E+17,13.47629152,40.043897
1.61E+18,219.300093,53.68026209
3.15E+17,16.09095108,34.25604
3.43E+18,90.71306425,25.074069
4.46E+18,240.1188187,10.259391
7.49E+17,156.0673957,31.57086
6.96E+17,144.4858216,28.654728
4.02E+18,177.8045417,27.914079
5.90E+17,144.2025883,10.893473
6.45E+17,143.9175737,24.210869
1.40E+17,42.6759577,34.052618
3.61E+17,10.4301522,31.458308
1.37E+17,44.11269625,34.673215
1.03E+18,122.8984551,55.583095
2.50E+18,38.20440034,2.701738
3.43E+18,91.98042438,24.683971
2.54E+18,12.15185549,0.15883733
4.02E+18,176.0197708,32.843719
4.02E+18,176.0197708,32.843719
1.64E+17,62.45487645,28.510963
1.27E+17,41.08535386,26.300129
1.40E+17,43.62278514,35.331584
2.48E+18,23.2121791,-1.919431
1.42E+17,42.987128,37.438232
8.04E+17,154.8597655,39.378817
8.08E+17,147.6107092,42.984258
2.94E+17,21.17514765,24.850095
8.29E+17,161.1124997,44.622039
4.73E+16,61.84997935,19.168877
4.01E+18,175.8297379,25.898652
3.38E+18,91.76032262,20.983606
1.41E+17,42.51339751,35.995827
2.71E+18,342.7024646,5.470656
3.78E+18,153.963966,-3.788775
7.37E+17,165.1237751,32.260824
7.37E+17,165.1237751,32.260824
1.61E+18,220.9023423,54.896758
9.42E+17,99.99788935,34.591906
6.84E+17,123.5239547,27.694256
4.00E+18,164.9561068,23.79971
3.75E+17,13.43348246,41.350288
3.74E+17,13.90729928,39.710012
1.48E+18,214.0356202,36.480506
1.48E+18,214.0356202,36.480506
1.40E+17,41.6637084,34.467818
3.42E+18,90.50687673,20.961156
3.43E+18,91.875309,25.52401
3.17E+18,111.5973119,15.918141
1.40E+17,43.28862221,34.691327
3.43E+18,92.29290612,23.827765
1.03E+18,127.8106454,56.530236
3.67E+18,214.7703419,4.68942083
2.76E+18,354.8580779,8.788215
1.03E+18,122.3544858,55.727345
6.54E+17,123.5160308,14.62181715
8.80E+17,116.5187597,31.457158
7.80E+17,160.1621125,41.728346
3.75E+17,13.20204093,41.289541
7.48E+17,157.5131439,32.164115
1.39E+18,230.9241004,38.820981
1.03E+18,121.6026267,55.098277
1.31E+18,256.4775953,28.983233
3.91E+18,173.7372174,5.738156
3.36E+18,106.2179829,16.226558
1.54E+18,191.8831895,47.518961
1.40E+17,42.57045467,34.979604
8.74E+17,118.9294303,26.37605
3.42E+18,90.15167195,23.827929
1.91E+18,348.5603711,35.5711
1.03E+18,122.7298855,56.196144
3.74E+17,18.15092623,44.255726
9.50E+17,108.6339068,43.307578
7.27E+17,154.3894445,26.176474
3.74E+17,13.49914104,40.089105
1.03E+18,122.5510627,56.144341
3.43E+18,93.30649595,23.99616
1.08E+18,122.1706367,56.948602
1.66E+18,212.0325884,60.47476837
1.42E+17,41.93237204,37.021352
8.88E+17,103.3356426,29.023855
2.41E+16,35.06212719,9.853027
1.08E+18,121.8908874,58.044826
1.50E+18,207.1845729,39.95991
3.81E+17,9.175720387,40.141784
8.54E+17,162.0528813,56.68257
1.03E+18,127.5934618,56.236353
3.73E+18,197.3919837,6.979723
1.46E+18,206.5159696,28.836704
3.85E+18,146.4747494,3.546657
1.03E+18,125.1404327,56.568788
4.01E+17,17.9317173,46.879941
1.08E+18,120.6358893,55.748484
3.74E+17,13.76708315,41.332079
2.96E+17,22.04681123,27.642248
4.03E+18,175.3221968,33.978945
3.91E+18,178.5565779,9.5116343
3.42E+18,91.68248901,21.719556
1.03E+18,124.0868589,56.619849
1.41E+17,43.90394897,36.779186
3.21E+18,65.83854591,-2.843671
3.43E+18,91.71216111,28.149851
3.96E+18,192.538571,24.124674
1.30E+18,242.8975076,25.07633255
3.42E+18,89.62303814,23.446283
6.19E+17,143.9406749,15.923542
1.41E+17,42.26453703,36.189514
1.03E+18,123.9656075,55.627256
1.04E+18,123.6207645,57.737287
3.81E+18,165.0403677,3.4139485
3.43E+18,91.65741432,24.846878
2.88E+18,2.667879768,35.990961
1.29E+18,223.4370714,32.872586
2.58E+18,18.09047237,6.653945
7.11E+17,129.6016554,34.917134
1.62E+18,222.33609,62.85932981
3.98E+17,19.21323787,45.011397
1.33E+18,248.0718665,39.058257
3.74E+17,13.40457994,39.485913
3.43E+18,92.03088452,24.365379
1.41E+17,43.92632227,36.794124
1.08E+18,121.7591663,56.625206
1.40E+17,42.34845086,33.900106
3.74E+17,13.75925627,40.701524
